dropout_rate,snr_degradation_db,black_chip_rate,method_a,method_b,n_pairs,statistic,p_value,mean_diff,effect_size,ci_low,ci_high,significant,metric,test,correction
0.0,0.0,0.0,alzenad2017,oort,16,0.0,3.0517578125e-05,0.027865737826320278,1.0,0.021030548503595887,0.034725714268058545,True,accuracy,wilcoxon,holm
0.1,0.0,0.0,flat_fl,proposed_hfl,16,0.0,3.0517578125e-05,0.04752765966065151,1.0,0.04091489223890809,0.054422441503402134,True,accuracy,wilcoxon,holm
0.2,0.0,0.0,flat_fl,proposed_hfl,16,0.0,3.0517578125e-05,0.05262208938748101,1.0,0.04625979626811434,0.05887214935321145,True,accuracy,wilcoxon,holm
0.0,6.0,0.0,flat_fl,proposed_hfl,16,0.0,3.0517578125e-05,0.05021670987976967,1.0,0.042958515793692094,0.05767631459478032,True,accuracy,wilcoxon,holm
0.0,0.0,0.1,flat_fl,proposed_hfl,16,0.0,3.0517578125e-05,0.03747619969320703,1.0,0.03244868710874276,0.042547359038416666,True,accuracy,wilcoxon,holm
0.3,0.0,0.0,flat_fl,proposed_hfl,16,0.0,3.0517578125e-05,0.04836269033052956,1.0,0.043062168822816556,0.05415397737200733,True,accuracy,wilcoxon,holm
0.0,0.0,0.0,hfl_no_selection,oort,16,0.0,3.0517578125e-05,0.02464196399059501,1.0,0.017350065743890204,0.0322225788705967,True,accuracy,wilcoxon,holm
0.4,0.0,0.0,flat_fl,proposed_hfl,16,0.0,3.0517578125e-05,0.05046881538643027,1.0,0.04532062280991253,0.05586678130432682,True,accuracy,wilcoxon,holm
0.0,10.0,0.0,flat_fl,proposed_hfl,16,0.0,3.0517578125e-05,0.06309327974788918,1.0,0.051122555924922285,0.07641151499452489,True,accuracy,wilcoxon,holm
0.0,0.0,0.2,flat_fl,proposed_hfl,16,0.0,3.0517578125e-05,0.036977152673070876,1.0,0.03165703052243475,0.04252979764308516,True,accuracy,wilcoxon,holm
0.0,3.0,0.0,flat_fl,proposed_hfl,16,0.0,3.0517578125e-05,0.04939239175367079,1.0,0.044021836761927294,0.0552371002299982,True,accuracy,wilcoxon,holm
0.0,0.0,0.05,flat_fl,proposed_hfl,16,0.0,3.0517578125e-05,0.041015721751428647,1.0,0.036296823610167936,0.04613698778994667,True,accuracy,wilcoxon,holm
0.0,0.0,0.1,flat_fl,oort,16,0.0,3.0517578125e-05,0.05777375745179171,1.0,0.051239376506644424,0.06438355234536942,True,accuracy,wilcoxon,holm
0.0,0.0,0.05,flat_fl,oort,16,0.0,3.0517578125e-05,0.05878061241520318,1.0,0.0520214966355315,0.06614665972484392,True,accuracy,wilcoxon,holm
0.0,0.0,0.0,flat_fl,oort,16,0.0,3.0517578125e-05,0.07329641543211923,1.0,0.06574554512409847,0.080365792844003,True,accuracy,wilcoxon,holm
0.4,0.0,0.0,flat_fl,mozaffari2016,16,0.0,3.0517578125e-05,0.044970880271871135,1.0,0.040928010935606586,0.04936739876233875,True,accuracy,wilcoxon,holm
0.0,0.0,0.1,flat_fl,mozaffari2016,16,0.0,3.0517578125e-05,0.03540580146967835,1.0,0.0296511583402283,0.04132694987877534,True,accuracy,wilcoxon,holm
0.0,0.0,0.2,flat_fl,mozaffari2016,16,0.0,3.0517578125e-05,0.03465938963802283,1.0,0.028704583335809587,0.0411403750996691,True,accuracy,wilcoxon,holm
0.0,3.0,0.0,flat_fl,mozaffari2016,16,0.0,3.0517578125e-05,0.05293664290226775,1.0,0.04536471456304205,0.06056516927584456,True,accuracy,wilcoxon,holm
0.0,6.0,0.0,flat_fl,mozaffari2016,16,0.0,3.0517578125e-05,0.05374727333249139,1.0,0.04743067497943227,0.06006226572101573,True,accuracy,wilcoxon,holm
0.0,10.0,0.0,flat_fl,mozaffari2016,16,0.0,3.0517578125e-05,0.07197834805538608,1.0,0.06091051109181363,0.08269711316153339,True,accuracy,wilcoxon,holm
0.0,0.0,0.05,flat_fl,mozaffari2016,16,0.0,3.0517578125e-05,0.03822572060364925,1.0,0.031716915119892795,0.04495785394270924,True,accuracy,wilcoxon,holm
0.4,0.0,0.0,flat_fl,hfl_no_selection,16,0.0,3.0517578125e-05,0.047816878708703735,1.0,0.04088092384917162,0.05513794127198781,True,accuracy,wilcoxon,holm
0.0,0.0,0.0,flat_fl,mozaffari2016,16,0.0,3.0517578125e-05,0.05153552100103287,1.0,0.046219994566154075,0.057082939408209375,True,accuracy,wilcoxon,holm
0.0,6.0,0.0,flat_fl,hfl_no_selection,16,0.0,3.0517578125e-05,0.04838217689151695,1.0,0.04386420109351915,0.05290729550919466,True,accuracy,wilcoxon,holm
0.0,10.0,0.0,flat_fl,hfl_no_selection,16,0.0,3.0517578125e-05,0.05470943553702271,1.0,0.04711534060905339,0.06233694655980377,True,accuracy,wilcoxon,holm
0.1,0.0,0.0,flat_fl,hfl_no_selection,16,0.0,3.0517578125e-05,0.05539609028458707,1.0,0.049608950769790945,0.0612437173055141,True,accuracy,wilcoxon,holm
0.2,0.0,0.0,flat_fl,hfl_no_selection,16,0.0,3.0517578125e-05,0.05065581930406022,1.0,0.04347148916517782,0.05870797502782063,True,accuracy,wilcoxon,holm
0.3,0.0,0.0,flat_fl,hfl_no_selection,16,0.0,3.0517578125e-05,0.04952188310447289,1.0,0.04348840364202248,0.05638272526758455,True,accuracy,wilcoxon,holm
0.0,0.0,0.1,flat_fl,hfl_no_selection,16,0.0,3.0517578125e-05,0.04020926524419533,1.0,0.03475918243593237,0.04632756338817701,True,accuracy,wilcoxon,holm
0.0,3.0,0.0,flat_fl,hfl_no_selection,16,0.0,3.0517578125e-05,0.05399658358907848,1.0,0.04813566741732536,0.05975871777993077,True,accuracy,wilcoxon,holm
0.0,0.0,0.2,flat_fl,hfl_no_selection,16,0.0,3.0517578125e-05,0.03332294308040553,1.0,0.029625460620839063,0.03742780628054676,True,accuracy,wilcoxon,holm
0.0,6.0,0.0,flat_fl,oort,16,0.0,3.0517578125e-05,0.05836366262261479,1.0,0.050613304874613546,0.06507875194659649,True,accuracy,wilcoxon,holm
0.0,3.0,0.0,flat_fl,oort,16,0.0,3.0517578125e-05,0.06297149373802277,1.0,0.055589197885872556,0.07102439763080097,True,accuracy,wilcoxon,holm
0.0,10.0,0.0,flat_fl,oort,16,0.0,3.0517578125e-05,0.06216645400297976,1.0,0.05134952393685407,0.07472103234220608,True,accuracy,wilcoxon,holm
0.3,0.0,0.0,flat_fl,mozaffari2016,16,0.0,3.0517578125e-05,0.04922879565427975,1.0,0.043673166213994245,0.05496178387541158,True,accuracy,wilcoxon,holm
0.0,0.0,0.2,flat_fl,oort,16,0.0,3.0517578125e-05,0.0586763288085217,1.0,0.05103930729344471,0.06598849345197501,True,accuracy,wilcoxon,holm
0.1,0.0,0.0,flat_fl,mozaffari2016,16,0.0,3.0517578125e-05,0.04611835915745548,1.0,0.04030893639425652,0.05207782631412572,True,accuracy,wilcoxon,holm
0.2,0.0,0.0,flat_fl,mozaffari2016,16,0.0,3.0517578125e-05,0.049433771909808244,1.0,0.04323157854830017,0.05547697896134745,True,accuracy,wilcoxon,holm
0.0,10.0,0.0,fedcs,flat_fl,16,0.0,3.0517578125e-05,-0.06503443254019305,-1.0,-0.07440524187891753,-0.05637389492858526,True,accuracy,wilcoxon,holm
0.0,0.0,0.0,flat_fl,hfl_no_selection,16,0.0,3.0517578125e-05,0.04865445144152422,1.0,0.04380299259664699,0.054049756677065214,True,accuracy,wilcoxon,holm
0.0,0.0,0.05,fedcs,flat_fl,16,0.0,3.0517578125e-05,-0.05354936350821773,-1.0,-0.057981437620342496,-0.04927874507780301,True,accuracy,wilcoxon,holm
0.0,0.0,0.1,fedcs,flat_fl,16,0.0,3.0517578125e-05,-0.05164342881399404,-1.0,-0.05625843893415906,-0.047275574094446424,True,accuracy,wilcoxon,holm
0.0,0.0,0.2,fedcs,flat_fl,16,0.0,3.0517578125e-05,-0.04406113636256275,-1.0,-0.050471737783586816,-0.03785899651227761,True,accuracy,wilcoxon,holm
0.0,6.0,0.0,fedcs,flat_fl,16,0.0,3.0517578125e-05,-0.06220176960221036,-1.0,-0.06724153397510536,-0.05754671006201969,True,accuracy,wilcoxon,holm
0.0,0.0,0.0,fair_mab,oort,16,0.0,3.0517578125e-05,0.026755716261129457,1.0,0.020157286363750804,0.033110450508677815,True,accuracy,wilcoxon,holm
0.4,0.0,0.0,fair_mab,flat_fl,16,0.0,3.0517578125e-05,-0.04770233061084889,-1.0,-0.05435456108778269,-0.04164504343300136,True,accuracy,wilcoxon,holm
0.3,0.0,0.0,fair_mab,flat_fl,16,0.0,3.0517578125e-05,-0.04711829223491289,-1.0,-0.05424704316903546,-0.04049973766155937,True,accuracy,wilcoxon,holm
0.0,0.0,0.05,fair_mab,flat_fl,16,0.0,3.0517578125e-05,-0.036753662703270976,-1.0,-0.04227216858570446,-0.03156472739668588,True,accuracy,wilcoxon,holm
0.0,0.0,0.1,fair_mab,flat_fl,16,0.0,3.0517578125e-05,-0.035577037768567306,-1.0,-0.041394697541794444,-0.03047816450669952,True,accuracy,wilcoxon,holm
0.0,0.0,0.2,fair_mab,flat_fl,16,0.0,3.0517578125e-05,-0.03154335795772993,-1.0,-0.03670200955745727,-0.026911507404341173,True,accuracy,wilcoxon,holm
0.0,3.0,0.0,fair_mab,flat_fl,16,0.0,3.0517578125e-05,-0.05188271337965833,-1.0,-0.06007649180583775,-0.044804090894649394,True,accuracy,wilcoxon,holm
0.0,6.0,0.0,fair_mab,flat_fl,16,0.0,3.0517578125e-05,-0.050589518111550026,-1.0,-0.05894948288529281,-0.04351472810753407,True,accuracy,wilcoxon,holm
0.0,10.0,0.0,fair_mab,flat_fl,16,0.0,3.0517578125e-05,-0.06263430906036607,-1.0,-0.07374584565966127,-0.05379288088177856,True,accuracy,wilcoxon,holm
0.1,0.0,0.0,fair_mab,flat_fl,16,0.0,3.0517578125e-05,-0.04829107485022454,-1.0,-0.05458503952119371,-0.04183317956885465,True,accuracy,wilcoxon,holm
0.2,0.0,0.0,fair_mab,flat_fl,16,0.0,3.0517578125e-05,-0.04513051735135221,-1.0,-0.05163687558317203,-0.03876766488461985,True,accuracy,wilcoxon,holm
0.0,0.0,0.0,fair_mab,flat_fl,16,0.0,3.0517578125e-05,-0.046540699170989776,-1.0,-0.05190711989183212,-0.04170605451255264,True,accuracy,wilcoxon,holm
0.0,0.0,0.05,fair_mab,fedcs,16,0.0,3.0517578125e-05,0.016795700804946752,1.0,0.012887612747737247,0.020778560661927528,True,accuracy,wilcoxon,holm
0.0,0.0,0.0,fair_mab,fedcs,16,0.0,3.0517578125e-05,0.02012260381375723,1.0,0.016447644871520135,0.02368142077564351,True,accuracy,wilcoxon,holm
0.0,0.0,0.0,flat_fl,proposed_hfl,16,0.0,3.0517578125e-05,0.0508007513714462,1.0,0.04543209857149326,0.057015423690632915,True,accuracy,wilcoxon,holm
0.4,0.0,0.0,flat_fl,oort,16,0.0,3.0517578125e-05,0.04889547221577315,1.0,0.04315003211888304,0.054619067184063015,True,accuracy,wilcoxon,holm
0.3,0.0,0.0,flat_fl,oort,16,0.0,3.0517578125e-05,0.05028274312354919,1.0,0.042639624383093676,0.0578296210829221,True,accuracy,wilcoxon,holm
0.2,0.0,0.0,flat_fl,oort,16,0.0,3.0517578125e-05,0.060366399870927616,1.0,0.052942084574080894,0.06748130525451755,True,accuracy,wilcoxon,holm
0.1,0.0,0.0,flat_fl,oort,16,0.0,3.0517578125e-05,0.06627667232976556,1.0,0.05879556690064672,0.0732478862335865,True,accuracy,wilcoxon,holm
0.0,3.0,0.0,fedcs,flat_fl,16,0.0,3.0517578125e-05,-0.0670622755765181,-1.0,-0.07328329345689265,-0.061354246721704565,True,accuracy,wilcoxon,holm
0.0,0.0,0.05,flat_fl,hfl_no_selection,16,0.0,3.0517578125e-05,0.03999831742818852,1.0,0.03446347566137093,0.046396923522367725,True,accuracy,wilcoxon,holm
0.0,0.0,0.0,fedcs,flat_fl,16,0.0,3.0517578125e-05,-0.06666330298474701,-1.0,-0.0723760364260654,-0.061209948309649695,True,accuracy,wilcoxon,holm
0.0,0.0,0.0,alzenad2017,fedcs,16,0.0,3.0517578125e-05,0.02123262537894805,1.0,0.016904549605681964,0.02578086963309953,True,accuracy,wilcoxon,holm
0.0,0.0,0.2,alzenad2017,flat_fl,16,0.0,3.0517578125e-05,-0.03513914622275395,-1.0,-0.04135533217282717,-0.029445707177461852,True,accuracy,wilcoxon,holm
0.0,0.0,0.1,alzenad2017,flat_fl,16,0.0,3.0517578125e-05,-0.03433377924039876,-1.0,-0.0411900034330198,-0.027529979191028935,True,accuracy,wilcoxon,holm
0.0,0.0,0.05,alzenad2017,flat_fl,16,0.0,3.0517578125e-05,-0.036089087021046976,-1.0,-0.04209528186319996,-0.03047496386910037,True,accuracy,wilcoxon,holm
0.0,0.0,0.0,alzenad2017,flat_fl,16,0.0,3.0517578125e-05,-0.045430677605798955,-1.0,-0.05201036626583872,-0.039360289710001786,True,accuracy,wilcoxon,holm
0.0,10.0,0.0,alzenad2017,flat_fl,16,0.0,3.0517578125e-05,-0.062405502163569854,-1.0,-0.07684755900692967,-0.04995454927900768,True,accuracy,wilcoxon,holm
0.0,0.0,0.05,alzenad2017,fedcs,16,0.0,3.0517578125e-05,0.017460276487170752,1.0,0.012696314865909178,0.022817916166080306,True,accuracy,wilcoxon,holm
0.0,3.0,0.0,alzenad2017,flat_fl,16,0.0,3.0517578125e-05,-0.0476491970375772,-1.0,-0.05253943113092085,-0.043029561380379805,True,accuracy,wilcoxon,holm
0.0,6.0,0.0,alzenad2017,flat_fl,16,0.0,3.0517578125e-05,-0.04916338663400315,-1.0,-0.0563251873309523,-0.04191970871811944,True,accuracy,wilcoxon,holm
0.4,0.0,0.0,fedcs,flat_fl,16,0.0,3.0517578125e-05,-0.050628837214253146,-1.0,-0.05901980737460739,-0.043948776786767535,True,accuracy,wilcoxon,holm
0.3,0.0,0.0,fedcs,flat_fl,16,0.0,3.0517578125e-05,-0.06089255308974202,-1.0,-0.06708751288366785,-0.05490572311816682,True,accuracy,wilcoxon,holm
0.2,0.0,0.0,fedcs,flat_fl,16,0.0,3.0517578125e-05,-0.062037251506349776,-1.0,-0.07148534621183092,-0.052823319632298055,True,accuracy,wilcoxon,holm
0.4,0.0,0.0,alzenad2017,flat_fl,16,0.0,3.0517578125e-05,-0.04452067797967893,-1.0,-0.05027801471435557,-0.039083441964573494,True,accuracy,wilcoxon,holm
0.1,0.0,0.0,alzenad2017,flat_fl,16,0.0,3.0517578125e-05,-0.04526717699234604,-1.0,-0.05171641197794056,-0.03956253635259128,True,accuracy,wilcoxon,holm
0.2,0.0,0.0,alzenad2017,flat_fl,16,0.0,3.0517578125e-05,-0.04251515271445788,-1.0,-0.04949275555857333,-0.03570377770151875,True,accuracy,wilcoxon,holm
0.3,0.0,0.0,alzenad2017,flat_fl,16,0.0,3.0517578125e-05,-0.0430398418656136,-1.0,-0.04800800139943315,-0.03812009078794837,True,accuracy,wilcoxon,holm
0.1,0.0,0.0,fedcs,flat_fl,16,0.0,3.0517578125e-05,-0.06284052614255689,-1.0,-0.07015891847006364,-0.055910628630068696,True,accuracy,wilcoxon,holm
0.0,3.0,0.0,fedcs,proposed_hfl,16,1.0,6.103515625e-05,-0.01766988382284731,-0.9852941176470589,-0.022252955047395172,-0.013012435836398262,True,accuracy,wilcoxon,holm
0.1,0.0,0.0,oort,proposed_hfl,16,1.0,6.103515625e-05,-0.01874901266911405,-0.9852941176470589,-0.024035765252800195,-0.013126089960918939,True,accuracy,wilcoxon,holm
0.0,0.0,0.1,oort,proposed_hfl,16,1.0,6.103515625e-05,-0.020297557758584682,-0.9852941176470589,-0.02715806341404947,-0.01369361655673135,True,accuracy,wilcoxon,holm
0.0,0.0,0.0,oort,proposed_hfl,16,1.0,6.103515625e-05,-0.022495664060673035,-0.9852941176470589,-0.029568648257146318,-0.015437528982164682,True,accuracy,wilcoxon,holm
0.0,0.0,0.2,fair_mab,oort,16,2.0,9.1552734375e-05,0.02713297085079177,0.9705882352941176,0.019114265129958792,0.03458838960028569,True,accuracy,wilcoxon,holm
0.3,0.0,0.0,alzenad2017,fedcs,16,2.0,9.1552734375e-05,0.017852711224128424,0.9705882352941176,0.012283990897332207,0.023156631363268895,True,accuracy,wilcoxon,holm
0.0,3.0,0.0,alzenad2017,fedcs,16,2.0,9.1552734375e-05,0.0194130785389409,0.9705882352941176,0.013389557868255244,0.025588715265897448,True,accuracy,wilcoxon,holm
0.0,0.0,0.2,fedcs,oort,16,2.0,9.1552734375e-05,0.01461519244595895,0.9705882352941176,0.00905424177807591,0.020520685177470705,True,accuracy,wilcoxon,holm
0.0,0.0,0.0,fedcs,mozaffari2016,16,3.0,0.000152587890625,-0.015127781983714138,-0.9558823529411765,-0.020402030609950585,-0.009888177413285812,True,accuracy,wilcoxon,holm
0.0,0.0,0.05,alzenad2017,oort,16,3.0,0.000152587890625,0.022691525394156205,0.9558823529411765,0.015622392951270787,0.02995809021995171,True,accuracy,wilcoxon,holm
0.0,0.0,0.1,fair_mab,fedcs,16,3.0,0.000152587890625,0.01606639104542673,0.9558823529411765,0.01054944413086647,0.02128381188665204,True,accuracy,wilcoxon,holm
0.0,0.0,0.1,fedcs,mozaffari2016,16,3.0,0.000152587890625,-0.016237627344315685,-0.9558823529411765,-0.020528451980355734,-0.011304853973929744,True,accuracy,wilcoxon,holm
0.0,0.0,0.1,alzenad2017,fedcs,16,3.0,0.000152587890625,0.01730964957359528,0.9558823529411765,0.012029735773458838,0.022676407553699186,True,accuracy,wilcoxon,holm
0.0,0.0,0.0,fedcs,hfl_no_selection,16,4.0,0.000213623046875,-0.018008851543222786,-0.9411764705882353,-0.024853700747390628,-0.01139906980620249,True,accuracy,wilcoxon,holm
0.0,0.0,0.2,mozaffari2016,oort,16,4.0,0.000213623046875,0.024016939170498873,0.9411764705882353,0.01505364877485023,0.033062759430847515,True,accuracy,wilcoxon,holm
0.0,0.0,0.0,fedcs,proposed_hfl,16,4.0,0.000213623046875,-0.01586255161330081,-0.9411764705882353,-0.02240442285633473,-0.009929198491116549,True,accuracy,wilcoxon,holm
0.0,0.0,0.05,fair_mab,oort,16,4.0,0.000213623046875,0.022026949711932205,0.9411764705882353,0.014705440455983598,0.029122722589987916,True,accuracy,wilcoxon,holm
0.0,0.0,0.05,fedcs,proposed_hfl,16,4.0,0.000213623046875,-0.012533641756789081,-0.9411764705882353,-0.017486825499263472,-0.007824713459202536,True,accuracy,wilcoxon,holm
0.1,0.0,0.0,fedcs,mozaffari2016,16,4.0,0.000213623046875,-0.01672216698510142,-0.9411764705882353,-0.022758482638196763,-0.0106959912593497,True,accuracy,wilcoxon,holm
0.0,0.0,0.1,mozaffari2016,oort,16,5.0,0.00030517578125,0.022367955982113358,0.9264705882352942,0.014000445497698058,0.030537705314827187,False,accuracy,wilcoxon,holm
0.0,0.0,0.2,alzenad2017,oort,16,5.0,0.00030517578125,0.02353718258576775,0.9264705882352942,0.01543083864435072,0.03165404715198521,False,accuracy,wilcoxon,holm
0.2,0.0,0.0,fair_mab,fedcs,16,5.0,0.00030517578125,0.016906734154997563,0.9264705882352942,0.010224686196300396,0.023724358163485424,False,accuracy,wilcoxon,holm
0.0,0.0,0.1,alzenad2017,oort,16,5.0,0.00030517578125,0.023439978211392952,0.9264705882352942,0.014984566132523277,0.03194442229949785,False,accuracy,wilcoxon,holm
0.0,0.0,0.1,fair_mab,oort,16,5.0,0.00030517578125,0.022196719683224404,0.9264705882352942,0.01363442232244899,0.029742050675846978,False,accuracy,wilcoxon,holm
0.1,0.0,0.0,mozaffari2016,oort,16,5.0,0.00030517578125,0.020158313172310087,0.9264705882352942,0.012641609172719254,0.027461316758392845,False,accuracy,wilcoxon,holm
0.0,0.0,0.0,mozaffari2016,oort,16,6.0,0.00042724609375,0.021760894431086364,0.9117647058823529,0.013593626723326903,0.02942856287894446,False,accuracy,wilcoxon,holm
0.0,0.0,0.05,fedcs,mozaffari2016,16,6.0,0.00042724609375,-0.015323642904568474,-0.9117647058823529,-0.02062488464463556,-0.009602763419964817,False,accuracy,wilcoxon,holm
0.0,0.0,0.2,hfl_no_selection,oort,16,6.0,0.00042724609375,0.02535338572811617,0.9117647058823529,0.0166218937712971,0.033640896192524875,False,accuracy,wilcoxon,holm
0.1,0.0,0.0,fair_mab,fedcs,16,6.0,0.00042724609375,0.014549451292332358,0.9117647058823529,0.00845538258686472,0.02105007531465836,False,accuracy,wilcoxon,holm
0.0,0.0,0.1,fedcs,proposed_hfl,16,0.0,0.00043680902321148305,-0.014167229120787009,-1.0,-0.017010138770207347,-0.011133492673470639,False,accuracy,wilcoxon,holm
0.3,0.0,0.0,fair_mab,fedcs,16,7.0,0.000579833984375,0.013774260854829135,0.8970588235294118,0.007671287264433807,0.019691051532381244,False,accuracy,wilcoxon,holm
0.1,0.0,0.0,fair_mab,oort,16,7.0,0.000579833984375,0.017985597479541024,0.8970588235294118,0.010914191166401584,0.024950770106051616,False,accuracy,wilcoxon,holm
0.0,0.0,0.05,oort,proposed_hfl,16,8.0,0.000762939453125,-0.017764890663774534,-0.8823529411764706,-0.025206829961100546,-0.010335928655710524,False,accuracy,wilcoxon,holm
0.2,0.0,0.0,alzenad2017,oort,16,8.0,0.000762939453125,0.017851247156469734,0.8823529411764706,0.010289840735607462,0.025171368605228277,False,accuracy,wilcoxon,holm
0.0,0.0,0.05,mozaffari2016,oort,16,8.0,0.000762939453125,0.020554891811553927,0.8823529411764706,0.011723517616933058,0.028813721554895977,False,accuracy,wilcoxon,holm
0.1,0.0,0.0,alzenad2017,oort,16,9.0,0.001007080078125,0.021009495337419526,0.8676470588235294,0.012493655449770106,0.02892264192661989,False,accuracy,wilcoxon,holm
0.0,0.0,0.2,oort,proposed_hfl,16,9.0,0.001007080078125,-0.021699176135450825,-0.8676470588235294,-0.029724433825717628,-0.013172774372271065,False,accuracy,wilcoxon,holm
0.0,0.0,0.05,hfl_no_selection,oort,16,9.0,0.001007080078125,0.018782294987014662,0.8676470588235294,0.009908507107171336,0.028566739046116837,False,accuracy,wilcoxon,holm
0.0,6.0,0.0,fedcs,hfl_no_selection,16,10.0,0.001312255859375,-0.013819592710693412,-0.8529411764705882,-0.020957396918177957,-0.006952010557384706,False,accuracy,wilcoxon,holm
0.0,0.0,0.05,fedcs,hfl_no_selection,16,10.0,0.001312255859375,-0.01355104608002921,-0.8529411764705882,-0.019924885725063693,-0.006891018635243057,False,accuracy,wilcoxon,holm
0.0,3.0,0.0,fair_mab,fedcs,16,10.0,0.001312255859375,0.015179562196859772,0.8529411764705882,0.008348531743467266,0.022074176300534928,False,accuracy,wilcoxon,holm
0.1,0.0,0.0,fedcs,proposed_hfl,16,11.0,0.001678466796875,-0.015312866481905385,-0.8382352941176471,-0.022214107522976475,-0.008164196350689282,False,accuracy,wilcoxon,holm
0.3,0.0,0.0,fedcs,mozaffari2016,16,12.0,0.00213623046875,-0.011663757435462274,-0.8235294117647058,-0.01735843816580828,-0.005986608288416736,False,accuracy,wilcoxon,holm
0.0,0.0,0.1,hfl_no_selection,oort,16,12.0,0.00213623046875,0.01756449220759638,0.8235294117647058,0.00825533296569795,0.026318550892834334,False,accuracy,wilcoxon,holm
0.0,3.0,0.0,oort,proposed_hfl,16,14.0,0.00335693359375,-0.013579101984351971,-0.7941176470588235,-0.0213588844877292,-0.006057986736039506,False,accuracy,wilcoxon,holm
0.2,0.0,0.0,alzenad2017,fedcs,16,15.0,0.004180908203125,0.019522098791891894,0.7794117647058824,0.009804079429395743,0.029358553202782658,False,accuracy,wilcoxon,holm
0.0,0.0,0.1,fedcs,hfl_no_selection,16,15.0,0.004180908203125,-0.011434163569798705,-0.7794117647058824,-0.01664388790569209,-0.005888243459859519,False,accuracy,wilcoxon,holm
0.0,3.0,0.0,alzenad2017,oort,16,16.0,0.005157470703125,0.015322296700445562,0.7647058823529411,0.006840037361522173,0.024498793135496785,False,accuracy,wilcoxon,holm
0.0,0.0,0.2,fair_mab,fedcs,16,16.0,0.005157470703125,0.01251777840483282,0.7647058823529411,0.006005441964407925,0.018928184793414533,False,accuracy,wilcoxon,holm
0.0,3.0,0.0,fedcs,mozaffari2016,16,16.0,0.005157470703125,-0.014125632674250349,-0.7647058823529411,-0.023073651798372674,-0.005457729720447835,False,accuracy,wilcoxon,holm
0.1,0.0,0.0,alzenad2017,fedcs,16,17.0,0.00628662109375,0.01757334915021086,0.75,0.007991923412925301,0.027097304759067926,False,accuracy,wilcoxon,holm
0.0,3.0,0.0,fedcs,hfl_no_selection,16,17.0,0.00628662109375,-0.01306569198743962,-0.75,-0.020608071898094202,-0.005838386186750689,False,accuracy,wilcoxon,holm
0.0,0.0,0.2,alzenad2017,fedcs,16,18.0,0.00762939453125,0.008921990139808801,0.7352941176470589,0.0032222568105463277,0.014280513933954776,False,accuracy,wilcoxon,holm
0.0,6.0,0.0,hfl_no_selection,oort,16,19.0,0.009185791015625,0.00998148573109784,0.7205882352941176,0.0026427175908320896,0.016980041260312762,False,accuracy,wilcoxon,holm
0.0,10.0,0.0,hfl_no_selection,mozaffari2016,16,19.0,0.009185791015625,0.017268912518363377,0.7205882352941176,0.006269570673907227,0.028216062897319958,False,accuracy,wilcoxon,holm
0.2,0.0,0.0,fair_mab,oort,16,15.0,0.010593539088689496,0.015235882519575403,0.75,0.006046203552517334,0.024959149038255878,False,accuracy,wilcoxon,holm
0.0,6.0,0.0,fair_mab,fedcs,16,22.0,0.0155029296875,0.011612251490660336,0.6764705882352942,0.002628962762491971,0.018792159065868036,False,accuracy,wilcoxon,holm
0.3,0.0,0.0,alzenad2017,mozaffari2016,16,22.0,0.0155029296875,0.00618895378866615,0.6764705882352942,0.0012137408738040762,0.011549705089530056,False,accuracy,wilcoxon,holm
0.3,0.0,0.0,fedcs,proposed_hfl,16,22.0,0.0155029296875,-0.01252986275921246,-0.6764705882352942,-0.020282585716789623,-0.004926433514782051,False,accuracy,wilcoxon,holm
0.3,0.0,0.0,fedcs,hfl_no_selection,16,24.0,0.021392822265625,-0.01137066998526913,-0.6470588235294118,-0.019279710363271977,-0.003722472496640365,False,accuracy,wilcoxon,holm
0.2,0.0,0.0,fair_mab,proposed_hfl,16,25.0,0.02496337890625,0.007491572036128796,0.6323529411764706,0.0021832507736473223,0.012613331156593924,False,accuracy,wilcoxon,holm
0.0,0.0,0.2,fedcs,hfl_no_selection,16,25.0,0.02496337890625,-0.010738193282157221,-0.6323529411764706,-0.018102104882753836,-0.003485397695331245,False,accuracy,wilcoxon,holm
0.0,0.0,0.2,fedcs,mozaffari2016,16,26.0,0.02899169921875,-0.009401746724539924,-0.6176470588235294,-0.01640444055786158,-0.002128573932498928,False,accuracy,wilcoxon,holm
0.3,0.0,0.0,fedcs,oort,16,26.0,0.02899169921875,-0.010609809966192832,-0.6176470588235294,-0.019251930669889034,-0.0015579757499158376,False,accuracy,wilcoxon,holm
0.2,0.0,0.0,alzenad2017,proposed_hfl,16,26.0,0.02899169921875,0.010106936673023127,0.6176470588235294,0.0020134769781309466,0.017409959981258275,False,accuracy,wilcoxon,holm
0.0,0.0,0.0,fedcs,oort,16,27.0,0.033538818359375,0.006633112447372226,0.6029411764705882,0.0011338887420488056,0.012026929902163093,False,accuracy,wilcoxon,holm
0.2,0.0,0.0,fedcs,mozaffari2016,16,27.0,0.033538818359375,-0.012603479596541532,-0.6029411764705882,-0.021934809454090754,-0.0027581623147788547,False,accuracy,wilcoxon,holm
0.0,6.0,0.0,alzenad2017,fedcs,16,28.0,0.03863525390625,0.01303838296820721,0.5882352941176471,0.0030319063421995526,0.023223820506929983,False,accuracy,wilcoxon,holm
0.1,0.0,0.0,alzenad2017,hfl_no_selection,16,28.0,0.03863525390625,0.010128913292241033,0.5882352941176471,0.0015730369166091435,0.018753084380533806,False,accuracy,wilcoxon,holm
0.0,6.0,0.0,fedcs,proposed_hfl,16,29.0,0.0443115234375,-0.01198505972244069,-0.5735294117647058,-0.021001706018415296,-0.0026895420301735018,False,accuracy,wilcoxon,holm
0.0,6.0,0.0,oort,proposed_hfl,16,29.0,0.0443115234375,-0.008146952742845118,-0.5735294117647058,-0.015772469841909956,0.000143997212891616,False,accuracy,wilcoxon,holm
0.0,0.0,0.0,fair_mab,proposed_hfl,16,30.0,0.0506591796875,0.004260052200456423,0.5588235294117647,0.00015388112647738878,0.008300250627720957,False,accuracy,wilcoxon,holm
0.0,3.0,0.0,fair_mab,oort,16,30.0,0.0506591796875,0.011088780358364435,0.5588235294117647,0.0007093193866693839,0.02056658886162211,False,accuracy,wilcoxon,holm
0.2,0.0,0.0,mozaffari2016,oort,16,31.0,0.05767822265625,0.010932627961119372,0.5441176470588235,0.0006883663677180321,0.021629008409186256,False,accuracy,wilcoxon,holm
0.0,3.0,0.0,alzenad2017,hfl_no_selection,16,32.0,0.065399169921875,0.006347386551501279,0.5294117647058824,-0.0003510043981336027,0.01271486569312869,False,accuracy,wilcoxon,holm
0.2,0.0,0.0,fedcs,hfl_no_selection,16,32.0,0.065399169921875,-0.011381432202289557,-0.5294117647058824,-0.023104759948721774,-0.00039915272551697707,False,accuracy,wilcoxon,holm
0.4,0.0,0.0,mozaffari2016,proposed_hfl,16,33.0,0.07391357421875,0.005497935114559135,0.5147058823529411,0.0006611762494004081,0.010393592226247377,False,accuracy,wilcoxon,holm
0.0,6.0,0.0,alzenad2017,oort,16,33.0,0.07391357421875,0.009200275988611638,0.5147058823529411,0.0006787727857647575,0.01762754299959796,False,accuracy,wilcoxon,holm
0.1,0.0,0.0,hfl_no_selection,proposed_hfl,16,33.0,0.07391357421875,-0.007868430623935559,-0.5147058823529411,-0.015286911262836727,-0.00039356606185576306,False,accuracy,wilcoxon,holm
0.0,0.0,0.0,alzenad2017,proposed_hfl,16,35.0,0.09344482421875,0.005370073765647243,0.4852941176470588,-0.0011319830133136245,0.011687715654933213,False,accuracy,wilcoxon,holm
0.1,0.0,0.0,fair_mab,hfl_no_selection,16,35.0,0.09344482421875,0.007105015434362531,0.4852941176470588,-0.0005086355849106905,0.014880199891478929,False,accuracy,wilcoxon,holm
0.1,0.0,0.0,hfl_no_selection,oort,16,35.0,0.09344482421875,0.010880582045178493,0.4852941176470588,0.002093179709102415,0.019943351302014564,False,accuracy,wilcoxon,holm
0.0,6.0,0.0,fedcs,mozaffari2016,16,35.0,0.09344482421875,-0.008454496269718975,-0.4852941176470588,-0.015983627886595565,-0.0011536697893812593,False,accuracy,wilcoxon,holm
0.1,0.0,0.0,hfl_no_selection,mozaffari2016,16,36.0,0.104583740234375,-0.009277731127131594,-0.47058823529411764,-0.01778149840466724,-0.001003835172420357,False,accuracy,wilcoxon,holm
0.0,0.0,0.2,fedcs,proposed_hfl,16,36.0,0.104583740234375,-0.007083983689491875,-0.47058823529411764,-0.014308263443557193,0.0006225213804289863,False,accuracy,wilcoxon,holm
0.2,0.0,0.0,fedcs,proposed_hfl,16,36.0,0.104583740234375,-0.009415162118868767,-0.47058823529411764,-0.019342923428037073,0.0004157516764161487,False,accuracy,wilcoxon,holm
0.0,0.0,0.05,fair_mab,proposed_hfl,16,36.0,0.104583740234375,0.004262059048157671,0.47058823529411764,-0.00034756091933681383,0.008759340509175194,False,accuracy,wilcoxon,holm
0.1,0.0,0.0,alzenad2017,fair_mab,16,36.0,0.104583740234375,0.003023897857878502,0.47058823529411764,-0.004972599528564226,0.0101910557581076,False,accuracy,wilcoxon,holm
0.0,0.0,0.1,alzenad2017,hfl_no_selection,16,37.0,0.116668701171875,0.005875486003796573,0.45588235294117646,-0.00031560894945609094,0.011998405633852611,False,accuracy,wilcoxon,holm
0.0,3.0,0.0,mozaffari2016,oort,16,37.0,0.116668701171875,0.010034850835755012,0.45588235294117646,-0.0002464469194220506,0.020954607572548002,False,accuracy,wilcoxon,holm
0.0,0.0,0.05,fedcs,oort,16,37.0,0.116668701171875,0.005231248906985453,0.45588235294117646,-6.680944437437503e-05,0.011145155540387695,False,accuracy,wilcoxon,holm
0.4,0.0,0.0,alzenad2017,proposed_hfl,16,37.0,0.116668701171875,0.00594813740675134,0.45588235294117646,-0.0004218806789641288,0.012640713007770194,False,accuracy,wilcoxon,holm
0.2,0.0,0.0,alzenad2017,hfl_no_selection,16,37.0,0.116668701171875,0.008140666589602337,0.45588235294117646,-0.0002114167255218931,0.016712650259872976,False,accuracy,wilcoxon,holm
0.0,0.0,0.1,fedcs,oort,16,38.0,0.129730224609375,0.006130328637797673,0.4411764705882353,0.00030477701189919555,0.012186213442576043,False,accuracy,wilcoxon,holm
0.0,0.0,0.2,fair_mab,proposed_hfl,16,38.0,0.129730224609375,0.005433794715340945,0.4411764705882353,-2.1521987573800155e-05,0.011363968759706886,False,accuracy,wilcoxon,holm
0.4,0.0,0.0,alzenad2017,fedcs,16,38.0,0.129730224609375,0.006108159234574216,0.4411764705882353,-0.0014667410960905148,0.0158370069564971,False,accuracy,wilcoxon,holm
0.0,0.0,0.0,fair_mab,mozaffari2016,16,38.0,0.129730224609375,0.004994821830043093,0.4411764705882353,-0.00035613905134918505,0.010807113166612722,False,accuracy,wilcoxon,holm
0.2,0.0,0.0,hfl_no_selection,oort,16,38.0,0.129730224609375,0.009710580566867397,0.4411764705882353,0.001119080725094683,0.018697025444870077,False,accuracy,wilcoxon,holm
0.2,0.0,0.0,alzenad2017,mozaffari2016,16,38.0,0.129730224609375,0.006918619195350362,0.4411764705882353,-0.0017705903058929423,0.015555084666061812,False,accuracy,wilcoxon,holm
0.4,0.0,0.0,alzenad2017,oort,16,39.0,0.14385986328125,0.004374794236094222,0.4264705882352941,-0.0005278181374063122,0.0096292136720506,False,accuracy,wilcoxon,holm
0.0,0.0,0.0,alzenad2017,mozaffari2016,16,39.0,0.14385986328125,0.006104843395233914,0.4264705882352941,-0.0006238514726008692,0.013048585810239953,False,accuracy,wilcoxon,holm
0.3,0.0,0.0,alzenad2017,hfl_no_selection,16,39.0,0.14385986328125,0.006482041238859294,0.4264705882352941,-0.0011761288623863325,0.013815958933379687,False,accuracy,wilcoxon,holm
0.0,3.0,0.0,alzenad2017,fair_mab,16,39.0,0.14385986328125,0.004233516342081127,0.4264705882352941,-0.0018767958093115595,0.010332236807953006,False,accuracy,wilcoxon,holm
0.2,0.0,0.0,oort,proposed_hfl,16,39.0,0.14385986328125,-0.0077443104834466064,-0.4264705882352941,-0.016789394712914404,0.0006594574821456074,False,accuracy,wilcoxon,holm
0.3,0.0,0.0,alzenad2017,oort,16,40.0,0.1590576171875,0.0072429012579355925,0.4117647058823529,8.360167057772096e-05,0.01513142506951242,False,accuracy,wilcoxon,holm
0.2,0.0,0.0,fair_mab,mozaffari2016,16,40.0,0.1590576171875,0.004303254558456031,0.4117647058823529,-0.0020123710947096145,0.010728656882433643,False,accuracy,wilcoxon,holm
0.0,6.0,0.0,fair_mab,oort,16,40.0,0.1590576171875,0.007774144511064764,0.4117647058823529,-0.0012530437538957843,0.017009083369364908,False,accuracy,wilcoxon,holm
0.0,10.0,0.0,fedcs,hfl_no_selection,16,41.0,0.17535400390625,-0.010324997003170334,-0.39705882352941174,-0.022395176034804124,0.002595813179971262,False,accuracy,wilcoxon,holm
0.4,0.0,0.0,fedcs,mozaffari2016,16,41.0,0.17535400390625,-0.005657956942382011,-0.39705882352941174,-0.013827249424915533,0.0015407962830347182,False,accuracy,wilcoxon,holm
0.0,3.0,0.0,hfl_no_selection,proposed_hfl,16,41.0,0.17535400390625,-0.004604191835407688,-0.39705882352941174,-0.011057549861437315,0.002250395451667554,False,accuracy,wilcoxon,holm
0.0,0.0,0.2,alzenad2017,fair_mab,16,41.0,0.17535400390625,-0.003595788265024019,-0.39705882352941174,-0.008798675083708737,0.0017305263955792207,False,accuracy,wilcoxon,holm
0.0,0.0,0.05,alzenad2017,proposed_hfl,16,42.0,0.19281005859375,0.004926634730381671,0.38235294117647056,-0.0012632644832511267,0.011417098771341257,False,accuracy,wilcoxon,holm
0.0,3.0,0.0,hfl_no_selection,oort,16,42.0,0.19281005859375,0.008974910148944283,0.38235294117647056,-0.0005192969029939492,0.020098497913392407,False,accuracy,wilcoxon,holm
0.0,10.0,0.0,fair_mab,mozaffari2016,16,43.0,0.21142578125,0.009344038995020024,0.36764705882352944,-0.006595367518363521,0.02415729607783021,False,accuracy,wilcoxon,holm
0.1,0.0,0.0,fedcs,hfl_no_selection,16,43.0,0.21142578125,-0.007444435857969826,-0.36764705882352944,-0.017401751250226975,0.0023805138775689714,False,accuracy,wilcoxon,holm
0.2,0.0,0.0,fair_mab,hfl_no_selection,16,44.0,0.231201171875,0.005525301952708006,0.35294117647058826,-0.0020284786654534725,0.01342033448060965,False,accuracy,wilcoxon,holm
0.0,10.0,0.0,alzenad2017,mozaffari2016,16,44.0,0.231201171875,0.009572845891816235,0.35294117647058826,-0.00848603782431449,0.025939161270892807,False,accuracy,wilcoxon,holm
0.4,0.0,0.0,mozaffari2016,oort,16,44.0,0.231201171875,0.003924591943902017,0.35294117647058826,-0.0011466048093625172,0.008846506772804151,False,accuracy,wilcoxon,holm
0.0,10.0,0.0,hfl_no_selection,proposed_hfl,16,45.0,0.252227783203125,0.008383844210866472,0.3382352941176471,-0.007927420510763904,0.024213133234419343,False,accuracy,wilcoxon,holm
0.0,10.0,0.0,mozaffari2016,oort,16,45.0,0.252227783203125,-0.00981189405240633,-0.3382352941176471,-0.02433941983749185,0.004522048499536297,False,accuracy,wilcoxon,holm
0.4,0.0,0.0,alzenad2017,fair_mab,16,45.0,0.252227783203125,0.0031816526311699636,0.3382352941176471,-0.0034794793311036464,0.009205680234251565,False,accuracy,wilcoxon,holm
0.0,0.0,0.1,hfl_no_selection,mozaffari2016,16,45.0,0.252227783203125,-0.004803463774516979,-0.3382352941176471,-0.011550439343051085,0.0016688181411118304,False,accuracy,wilcoxon,holm
0.3,0.0,0.0,alzenad2017,proposed_hfl,16,45.0,0.252227783203125,0.005322848464915965,0.3382352941176471,-0.0018613746476243735,0.012417361827767407,False,accuracy,wilcoxon,holm
0.0,3.0,0.0,fedcs,oort,16,45.0,0.252227783203125,-0.004090781838495337,-0.3382352941176471,-0.011149587980347228,0.0033691944794183976,False,accuracy,wilcoxon,holm
0.0,0.0,0.05,mozaffari2016,proposed_hfl,16,45.0,0.252227783203125,0.002790001147779393,0.3382352941176471,-0.0028046802514585826,0.007564024789342197,False,accuracy,wilcoxon,holm
0.0,0.0,0.1,fair_mab,hfl_no_selection,16,46.0,0.274444580078125,0.004632227475628026,0.3235294117647059,-0.0007755098862349521,0.010303188061322658,False,accuracy,wilcoxon,holm
0.4,0.0,0.0,fair_mab,fedcs,16,47.0,0.2978515625,0.0029265066034042525,0.3088235294117647,-0.0044164364210127205,0.011092128997833333,False,accuracy,wilcoxon,holm
0.3,0.0,0.0,alzenad2017,fair_mab,16,47.0,0.2978515625,0.00407845036929929,0.3088235294117647,-0.003072833837428768,0.011048549998597824,False,accuracy,wilcoxon,holm
0.0,0.0,0.0,alzenad2017,hfl_no_selection,16,47.0,0.2978515625,0.003223773835725266,0.3088235294117647,-0.0029771582118104226,0.009779152357138176,False,accuracy,wilcoxon,holm
0.0,6.0,0.0,hfl_no_selection,mozaffari2016,16,47.0,0.2978515625,0.005365096440974437,0.3088235294117647,-0.0018615585062593245,0.01314571173415951,False,accuracy,wilcoxon,holm
0.2,0.0,0.0,alzenad2017,fair_mab,16,48.0,0.322509765625,0.002615364636894331,0.29411764705882354,-0.005836597321006937,0.009981515173374337,False,accuracy,wilcoxon,holm
0.0,3.0,0.0,alzenad2017,mozaffari2016,16,48.0,0.322509765625,0.00528744586469055,0.29411764705882354,-0.002133777660511413,0.01337261430677189,False,accuracy,wilcoxon,holm
0.0,0.0,0.05,alzenad2017,hfl_no_selection,16,48.0,0.322509765625,0.003909230407141542,0.29411764705882354,-0.0034332814610581355,0.01116651455512592,False,accuracy,wilcoxon,holm
0.0,0.0,0.2,hfl_no_selection,proposed_hfl,16,50.0,0.375457763671875,0.003654209592665346,0.2647058823529412,-0.0014960021021120321,0.009824555338022577,False,accuracy,wilcoxon,holm
0.0,6.0,0.0,mozaffari2016,oort,16,50.0,0.375457763671875,0.004616389290123403,0.2647058823529412,-0.0026622278161760804,0.012287098211869931,False,accuracy,wilcoxon,holm
0.4,0.0,0.0,alzenad2017,hfl_no_selection,16,50.0,0.375457763671875,0.003296200729024805,0.2647058823529412,-0.004644447102760166,0.010651371387893807,False,accuracy,wilcoxon,holm
0.0,6.0,0.0,mozaffari2016,proposed_hfl,16,50.0,0.375457763671875,-0.0035305634527217147,-0.2647058823529412,-0.011132053880914938,0.004273298375911551,False,accuracy,wilcoxon,holm
0.0,0.0,0.1,alzenad2017,proposed_hfl,16,50.0,0.375457763671875,0.00314242045280827,0.2647058823529412,-0.002701682653306127,0.00902804768187215,False,accuracy,wilcoxon,holm
0.0,0.0,0.0,hfl_no_selection,mozaffari2016,16,51.0,0.40374755859375,0.0028810695595086477,0.25,-0.003368653329283016,0.009224228184241973,False,accuracy,wilcoxon,holm
0.1,0.0,0.0,fair_mab,mozaffari2016,16,51.0,0.40374755859375,-0.002172715692769063,-0.25,-0.006366509202002553,0.002169988366188773,False,accuracy,wilcoxon,holm
0.0,0.0,0.1,fair_mab,proposed_hfl,16,51.0,0.40374755859375,0.0018991619246397223,0.25,-0.0024970213346286827,0.006087728234720881,False,accuracy,wilcoxon,holm
0.0,0.0,0.2,fair_mab,mozaffari2016,16,52.0,0.433197021484375,0.0031160316802928967,0.23529411764705882,-0.0028957152984005114,0.009412122411292873,False,accuracy,wilcoxon,holm
0.1,0.0,0.0,alzenad2017,proposed_hfl,16,52.0,0.433197021484375,0.0022604826683054746,0.23529411764705882,-0.004162043229963955,0.008380462944779178,False,accuracy,wilcoxon,holm
0.0,6.0,0.0,alzenad2017,mozaffari2016,16,52.0,0.433197021484375,0.004583886698488235,0.23529411764705882,-0.004529609785800575,0.013754452149162537,False,accuracy,wilcoxon,holm
0.0,10.0,0.0,mozaffari2016,proposed_hfl,16,52.0,0.433197021484375,-0.008885068307496906,-0.23529411764705882,-0.02610894081128282,0.008015953481627433,False,accuracy,wilcoxon,holm
0.0,3.0,0.0,mozaffari2016,proposed_hfl,16,52.0,0.433197021484375,-0.0035442511485969594,-0.23529411764705882,-0.010167091651451726,0.003117107017277075,False,accuracy,wilcoxon,holm
0.4,0.0,0.0,fair_mab,proposed_hfl,16,52.0,0.433197021484375,0.0027664847755813765,0.23529411764705882,-0.0026753804307603304,0.008433175580894197,False,accuracy,wilcoxon,holm
0.0,10.0,0.0,fedcs,oort,16,52.0,0.433197021484375,-0.002867978537213288,-0.23529411764705882,-0.015739861320633017,0.011547915181342358,False,accuracy,wilcoxon,holm
0.0,10.0,0.0,fair_mab,hfl_no_selection,16,52.0,0.433197021484375,-0.007924873523343354,-0.23529411764705882,-0.02190452835950154,0.004614322813836143,False,accuracy,wilcoxon,holm
0.0,6.0,0.0,fair_mab,mozaffari2016,16,52.0,0.433197021484375,0.0031577552209413606,0.23529411764705882,-0.004850276388487966,0.010843171489803263,False,accuracy,wilcoxon,holm
0.1,0.0,0.0,fedcs,oort,16,53.0,0.4637451171875,0.0034361461872086663,0.22058823529411764,-0.004020593636292675,0.010712388569427904,False,accuracy,wilcoxon,holm
0.0,3.0,0.0,fair_mab,hfl_no_selection,16,53.0,0.4637451171875,0.0021138702094201517,0.22058823529411764,-0.005413068816622418,0.009104173261589844,False,accuracy,wilcoxon,holm
0.0,10.0,0.0,hfl_no_selection,oort,16,53.0,0.4637451171875,0.0074570184659570465,0.22058823529411764,-0.006158068410978758,0.02258534875447736,False,accuracy,wilcoxon,holm
0.0,0.0,0.05,alzenad2017,fair_mab,16,53.0,0.4637451171875,0.0006645756822240001,0.22058823529411764,-0.005133608659135465,0.006123415706837937,False,accuracy,wilcoxon,holm
0.3,0.0,0.0,fair_mab,hfl_no_selection,16,54.0,0.49542236328125,0.0024035908695600045,0.20588235294117646,-0.0046745978214599885,0.009239026599840586,False,accuracy,wilcoxon,holm
0.4,0.0,0.0,hfl_no_selection,proposed_hfl,16,54.0,0.49542236328125,0.002651936677726535,0.20588235294117646,-0.005548398755552403,0.010698362410874981,False,accuracy,wilcoxon,holm
0.0,0.0,0.1,hfl_no_selection,proposed_hfl,16,54.0,0.49542236328125,-0.0027330655509883034,-0.20588235294117646,-0.008081770626674895,0.002545329173526735,False,accuracy,wilcoxon,holm
0.0,10.0,0.0,fedcs,mozaffari2016,16,55.0,0.528167724609375,0.006943915515193043,0.19117647058823528,-0.006700288550083067,0.021521860033442242,False,accuracy,wilcoxon,holm
0.2,0.0,0.0,hfl_no_selection,proposed_hfl,16,55.0,0.528167724609375,0.0019662700834207902,0.19117647058823528,-0.005448190935886066,0.009170661425842021,False,accuracy,wilcoxon,holm
0.4,0.0,0.0,fair_mab,oort,16,55.0,0.528167724609375,0.0011931416049242582,0.19117647058823528,-0.004529443950016688,0.006755420181399538,False,accuracy,wilcoxon,holm
0.0,0.0,0.2,alzenad2017,hfl_no_selection,16,55.0,0.528167724609375,-0.0018162031423484201,-0.19117647058823528,-0.007826089577648342,0.0043341639989893585,False,accuracy,wilcoxon,holm
0.0,0.0,0.1,mozaffari2016,proposed_hfl,16,56.0,0.5618896484375,0.002070398223528676,0.17647058823529413,-0.0030576334530267335,0.006966494845046148,False,accuracy,wilcoxon,holm
0.3,0.0,0.0,fair_mab,oort,16,57.0,0.596588134765625,0.0031644508886363026,0.16176470588235295,-0.00659659451058736,0.012969602339638286,False,accuracy,wilcoxon,holm
0.4,0.0,0.0,fair_mab,mozaffari2016,16,57.0,0.596588134765625,-0.002731450338977759,-0.16176470588235295,-0.00820271872502009,0.002527651032808692,False,accuracy,wilcoxon,holm
0.0,0.0,0.05,fair_mab,hfl_no_selection,16,57.0,0.596588134765625,0.0032446547249175423,0.16176470588235295,-0.0038308203636529645,0.011030583574616427,False,accuracy,wilcoxon,holm
0.4,0.0,0.0,fedcs,proposed_hfl,16,57.0,0.596588134765625,-0.000160021827822876,0.16176470588235295,-0.0077688915240237315,0.007091775223746749,False,accuracy,wilcoxon,holm
0.0,10.0,0.0,fedcs,proposed_hfl,16,57.0,0.596588134765625,-0.001941152792303863,-0.16176470588235295,-0.010952438615067115,0.007345794911345949,False,accuracy,wilcoxon,holm
0.0,0.0,0.05,hfl_no_selection,mozaffari2016,16,57.0,0.596588134765625,-0.0017725968245392645,-0.16176470588235295,-0.007313409705421548,0.004241348430174201,False,accuracy,wilcoxon,holm
0.1,0.0,0.0,mozaffari2016,proposed_hfl,16,57.0,0.596588134765625,0.0014093005031960357,0.16176470588235295,-0.0048000290037675366,0.007151311546078566,False,accuracy,wilcoxon,holm
0.0,0.0,0.2,mozaffari2016,proposed_hfl,16,57.0,0.596588134765625,0.0023177630350480483,0.16176470588235295,-0.0036584952951030443,0.008630979661752866,False,accuracy,wilcoxon,holm
0.3,0.0,0.0,fair_mab,proposed_hfl,16,58.0,0.632171630859375,0.001244398095616675,0.14705882352941177,-0.005696984537721753,0.007935167598502076,False,accuracy,wilcoxon,holm
0.4,0.0,0.0,hfl_no_selection,mozaffari2016,16,58.0,0.632171630859375,-0.0028459984368326002,-0.14705882352941177,-0.010011002848428922,0.0037182228190418064,False,accuracy,wilcoxon,holm
0.0,0.0,0.0,alzenad2017,fair_mab,16,58.0,0.632171630859375,0.0011100215651908205,0.14705882352941177,-0.003299582949239772,0.005584967346243278,False,accuracy,wilcoxon,holm
0.0,6.0,0.0,hfl_no_selection,proposed_hfl,16,58.0,0.632171630859375,0.0018345329882527225,0.14705882352941177,-0.004090932937028125,0.007680472629796619,False,accuracy,wilcoxon,holm
0.0,0.0,0.2,alzenad2017,proposed_hfl,16,58.0,0.632171630859375,0.0018380064503169258,0.14705882352941177,-0.004673514812083445,0.008333105441474555,False,accuracy,wilcoxon,holm
0.0,6.0,0.0,alzenad2017,proposed_hfl,16,58.0,0.632171630859375,0.00105332324576652,0.14705882352941177,-0.008078020070669904,0.009944988101613832,False,accuracy,wilcoxon,holm
0.3,0.0,0.0,fair_mab,mozaffari2016,16,59.0,0.668548583984375,0.0021105034193668604,0.1323529411764706,-0.0036217174054795384,0.008229795637367915,False,accuracy,wilcoxon,holm
0.0,10.0,0.0,fair_mab,fedcs,16,59.0,0.668548583984375,0.0024001234798269808,0.1323529411764706,-0.010307174238885629,0.014880002873015032,False,accuracy,wilcoxon,holm
0.0,10.0,0.0,alzenad2017,hfl_no_selection,16,59.0,0.668548583984375,-0.007696066626547142,-0.1323529411764706,-0.026582148310176464,0.009693101389116932,False,accuracy,wilcoxon,holm
0.0,0.0,0.0,hfl_no_selection,proposed_hfl,16,59.0,0.668548583984375,0.002146299929921977,0.1323529411764706,-0.0047514577135361865,0.009595698203154994,False,accuracy,wilcoxon,holm
0.0,0.0,0.2,fair_mab,hfl_no_selection,16,59.0,0.668548583984375,0.001779585122675599,0.1323529411764706,-0.0022268860256595274,0.0064532766900649305,False,accuracy,wilcoxon,holm
0.0,10.0,0.0,fair_mab,proposed_hfl,16,60.0,0.705718994140625,0.0004589706875231178,-0.11764705882352941,-0.01319693097801024,0.014936910740002727,False,accuracy,wilcoxon,holm
0.3,0.0,0.0,hfl_no_selection,proposed_hfl,16,60.0,0.705718994140625,-0.0011591927739433294,-0.11764705882352941,-0.007463539214373446,0.004947474733714878,False,accuracy,wilcoxon,holm
0.4,0.0,0.0,hfl_no_selection,oort,16,60.0,0.705718994140625,0.001078593507069417,0.11764705882352941,-0.006629797609841429,0.008345849750659674,False,accuracy,wilcoxon,holm
0.0,0.0,0.05,alzenad2017,mozaffari2016,16,60.0,0.705718994140625,0.002136633582602278,0.11764705882352941,-0.006148776186413767,0.010314828234964754,False,accuracy,wilcoxon,holm
0.0,6.0,0.0,fedcs,oort,16,60.0,0.705718994140625,-0.003838106979595572,-0.11764705882352941,-0.012949308898286709,0.0046145147673533,False,accuracy,wilcoxon,holm
0.4,0.0,0.0,oort,proposed_hfl,16,60.0,0.705718994140625,0.0015733431706571183,0.11764705882352941,-0.003154107388033707,0.006503692630672446,False,accuracy,wilcoxon,holm
0.0,3.0,0.0,alzenad2017,proposed_hfl,16,61.0,0.743560791015625,0.0017431947160935907,0.10294117647058823,-0.004072160640966191,0.007674904055869029,False,accuracy,wilcoxon,holm
0.0,10.0,0.0,alzenad2017,fair_mab,16,61.0,0.743560791015625,0.00022880689679621175,0.10294117647058823,-0.013769548612559506,0.013101562172193272,False,accuracy,wilcoxon,holm
0.1,0.0,0.0,alzenad2017,mozaffari2016,16,61.0,0.743560791015625,0.000851182165109439,0.10294117647058823,-0.005464477542463062,0.007257155218809418,False,accuracy,wilcoxon,holm
0.2,0.0,0.0,fedcs,oort,16,61.0,0.743560791015625,-0.0016708516354221603,-0.10294117647058823,-0.01191578072383348,0.008678497524363152,False,accuracy,wilcoxon,holm
0.2,0.0,0.0,mozaffari2016,proposed_hfl,16,61.0,0.743560791015625,0.0031883174776727655,0.10294117647058823,-0.004197022693154531,0.01065019307303298,False,accuracy,wilcoxon,holm
0.0,3.0,0.0,fair_mab,proposed_hfl,16,62.0,0.781951904296875,-0.0024903216259875363,-0.08823529411764706,-0.009891146741177626,0.0038702153249866827,False,accuracy,wilcoxon,holm
0.0,0.0,0.0,fair_mab,hfl_no_selection,16,62.0,0.781951904296875,0.0021137522705344455,0.08823529411764706,-0.004319158285474477,0.00888705132414997,False,accuracy,wilcoxon,holm
0.0,10.0,0.0,alzenad2017,fedcs,16,62.0,0.781951904296875,0.0026289303766231925,0.08823529411764706,-0.013695126785814598,0.01881605853741185,False,accuracy,wilcoxon,holm
0.0,3.0,0.0,fair_mab,mozaffari2016,16,62.0,0.781951904296875,0.001053929522609423,0.08823529411764706,-0.0072031659200332806,0.00912602765534836,False,accuracy,wilcoxon,holm
0.0,6.0,0.0,fair_mab,hfl_no_selection,16,62.0,0.781951904296875,-0.0022073412200330766,-0.08823529411764706,-0.009446278670871404,0.004501134384777208,False,accuracy,wilcoxon,holm
0.0,0.0,0.1,alzenad2017,mozaffari2016,16,62.0,0.781951904296875,0.0010720222292795942,0.08823529411764706,-0.007067206823293904,0.00949004804461546,False,accuracy,wilcoxon,holm
0.2,0.0,0.0,hfl_no_selection,mozaffari2016,16,62.0,0.781951904296875,-0.0012220473942519752,-0.08823529411764706,-0.008785628780532687,0.006226642702546287,False,accuracy,wilcoxon,holm
0.3,0.0,0.0,hfl_no_selection,mozaffari2016,16,62.0,0.781951904296875,-0.0002930874501931441,-0.08823529411764706,-0.007032462771180211,0.006539141567087024,False,accuracy,wilcoxon,holm
0.0,10.0,0.0,alzenad2017,proposed_hfl,16,62.0,0.781951904296875,0.0006877775843193296,-0.08823529411764706,-0.01428509954142474,0.017504388832617943,False,accuracy,wilcoxon,holm
0.0,0.0,0.1,fair_mab,mozaffari2016,16,62.0,0.781951904296875,-0.00017123629888895348,-0.08823529411764706,-0.005927956429458189,0.006181852687509235,False,accuracy,wilcoxon,holm
0.4,0.0,0.0,alzenad2017,mozaffari2016,16,63.0,0.820892333984375,0.0004502022921922047,0.07352941176470588,-0.005558154585491656,0.00644451330010302,False,accuracy,wilcoxon,holm
0.0,6.0,0.0,alzenad2017,fair_mab,16,63.0,0.820892333984375,0.0014261314775468742,0.07352941176470588,-0.007638047769076074,0.010400982831779903,False,accuracy,wilcoxon,holm
0.0,0.0,0.2,alzenad2017,mozaffari2016,16,63.0,0.820892333984375,-0.0004797565847311225,-0.07352941176470588,-0.007506317777229701,0.007154652699397687,False,accuracy,wilcoxon,holm
0.0,6.0,0.0,alzenad2017,hfl_no_selection,16,63.0,0.820892333984375,-0.0007812097424862025,-0.07352941176470588,-0.009559495902040357,0.00818895655367293,False,accuracy,wilcoxon,holm
0.0,10.0,0.0,fair_mab,oort,16,63.0,0.820892333984375,-0.00046785505738630717,-0.07352941176470588,-0.016736205946778798,0.016575482998098804,False,accuracy,wilcoxon,holm
0.0,10.0,0.0,alzenad2017,oort,16,63.0,0.820892333984375,-0.00023904816059009543,-0.07352941176470588,-0.018102833618163297,0.019731403825603767,False,accuracy,wilcoxon,holm
0.0,0.0,0.1,alzenad2017,fair_mab,16,63.0,0.820892333984375,0.0012432585281685476,0.07352941176470588,-0.005049771205655737,0.007295062769072302,False,accuracy,wilcoxon,holm
0.0,10.0,0.0,oort,proposed_hfl,16,64.0,0.860260009765625,0.000926825744909425,-0.058823529411764705,-0.011143344213570426,0.013218596675375505,False,accuracy,wilcoxon,holm
0.0,0.0,0.05,fair_mab,mozaffari2016,16,64.0,0.860260009765625,0.0014720579003782777,0.058823529411764705,-0.0043906965492838965,0.008011586577721023,False,accuracy,wilcoxon,holm
0.4,0.0,0.0,fair_mab,hfl_no_selection,16,64.0,0.860260009765625,0.00011454809785484132,-0.058823529411764705,-0.007382902417446265,0.008489353940969255,False,accuracy,wilcoxon,holm
0.3,0.0,0.0,mozaffari2016,proposed_hfl,16,64.0,0.860260009765625,-0.0008661053237501853,-0.058823529411764705,-0.008580780978331452,0.006611303290446881,False,accuracy,wilcoxon,holm
0.1,0.0,0.0,fair_mab,proposed_hfl,16,65.0,0.899932861328125,-0.0007634151895730273,-0.04411764705882353,-0.00657792043807578,0.004808539704965285,False,accuracy,wilcoxon,holm
0.0,0.0,0.0,mozaffari2016,proposed_hfl,16,66.0,0.93988037109375,-0.0007347696295866707,-0.029411764705882353,-0.00695117886292884,0.0051457549945917135,False,accuracy,wilcoxon,holm
0.3,0.0,0.0,mozaffari2016,oort,16,66.0,0.93988037109375,0.0010539474692694423,0.029411764705882353,-0.008462804635095049,0.010478723848227388,False,accuracy,wilcoxon,holm
0.4,0.0,0.0,fedcs,hfl_no_selection,16,66.0,0.93988037109375,-0.002811958505549411,-0.029411764705882353,-0.014691523211282526,0.007403783230988795,False,accuracy,wilcoxon,holm
0.0,0.0,0.2,hfl_no_selection,mozaffari2016,16,66.0,0.93988037109375,0.0013364465576172976,0.029411764705882353,-0.005157842651265757,0.008086850378005061,False,accuracy,wilcoxon,holm
0.0,3.0,0.0,hfl_no_selection,mozaffari2016,16,66.0,0.93988037109375,-0.0010599406868107286,-0.029411764705882353,-0.010214338069795192,0.0074384577872872,False,accuracy,wilcoxon,holm
0.3,0.0,0.0,oort,proposed_hfl,16,66.0,0.93988037109375,-0.0019200527930196276,-0.029411764705882353,-0.00898821813960571,0.004494888823360129,False,accuracy,wilcoxon,holm
0.4,0.0,0.0,fedcs,oort,16,67.0,0.979949951171875,-0.0017333649984799943,0.014705882352941176,-0.010834725053257596,0.006258430359339656,False,accuracy,wilcoxon,holm
0.0,0.0,0.05,hfl_no_selection,proposed_hfl,16,67.0,0.979949951171875,0.0010174043232401286,-0.014705882352941176,-0.005648110322788014,0.007782590514645677,False,accuracy,wilcoxon,holm
0.0,6.0,0.0,fair_mab,proposed_hfl,16,67.0,0.979949951171875,-0.0003728082317803541,-0.014705882352941176,-0.008390487648627619,0.007953825764442894,False,accuracy,wilcoxon,holm
0.3,0.0,0.0,hfl_no_selection,oort,16,68.0,1.0,0.0007608600190762982,0.0,-0.008160032283530823,0.009591798528401805,False,accuracy,wilcoxon,holm
