number,value,datetime_start,datetime_complete,duration,params_ema_decay,params_fitness_0,params_fitness_1,params_fitness_2,params_logit_adjust_tau,params_lr,params_lr_decay,params_reputation_0,params_reputation_1,params_reputation_2,params_sel_gumbel_scale,params_sel_priority_0,params_sel_priority_1,params_sel_static_blend,params_server_momentum,params_utility_0,params_utility_1,params_utility_2,params_utility_3,state
93,0.4533427480934712,2026-07-20 13:14:46.455595,2026-07-20 13:17:00.944255,0 days 00:02:14.488660,0.18922597589182535,0.9807672672379641,0.03567548424972626,0.19249971468422208,0.6006080926898889,0.017749368957553205,cosine,0.07194382795202617,0.10641509635843019,0.6135675219764009,1.4746576874742332,0.85946170028167,0.3645095363534574,0.43474741587333293,0.5284764576184121,0.05406517373312729,0.09921659317270824,0.3727401517315647,0.7379529848937046,COMPLETE
42,0.4489324379103141,2026-07-20 10:51:22.905942,2026-07-20 10:53:22.348298,0 days 00:01:59.442356,0.1933453461589846,0.9365588197293658,0.04553927906206376,0.17772523579933963,0.6744421223251378,0.019271197089935948,cosine,0.10163452827024433,0.0871200231125865,0.5737508521788041,1.3197012345756982,0.9572397630744399,0.7351958620878283,0.4440456971883576,0.46218832768016693,0.057369631156115986,0.0643930021608504,0.3107294217232963,0.4015323217122658,COMPLETE
108,0.44692906876605276,2026-07-20 13:46:54.502322,2026-07-20 13:48:55.838604,0 days 00:02:01.336282,0.09016065274906943,0.9035712025765803,0.02951714331171871,0.14414722029530155,0.5697907104496188,0.020165370630045053,sqrt,0.07387242712521236,0.055490953443457655,0.6832760889483592,1.471007013640837,0.8739726330524383,0.5233937452458239,0.5633633184080007,0.6056551237016718,0.12006023433626005,0.037547112713404815,0.2950985581891064,0.6778593979997912,COMPLETE
114,0.4462052540645992,2026-07-20 13:59:09.329287,2026-07-20 14:01:17.395164,0 days 00:02:08.065877,0.13644774411681718,0.9753139542078407,0.05164270879042243,0.1575558908035091,0.6629963116213179,0.018424513841807627,cosine,0.10485266710741198,0.06683241568798265,0.7032881422407555,1.3765909096081947,0.8255343409368616,0.5191344582483558,0.5428457433480312,0.5288183113847287,0.049402762276008316,0.012276198377955898,0.3691680568442399,0.6510263375301819,COMPLETE
103,0.44607916299170264,2026-07-20 13:36:12.598973,2026-07-20 13:38:22.243512,0 days 00:02:09.644539,0.14361923930984333,0.9149696341856158,0.03706838612339663,0.16474900307735832,0.5334449338785676,0.022447340398844936,cosine,0.029018791605587072,0.08439801255165207,0.671236790118936,1.402629151580939,0.8885147296329475,0.4724103936032066,0.4585609973982556,0.6061439895714276,0.14819073819434517,0.0855346813269173,0.2833395178772051,0.6246484063654564,COMPLETE
69,0.44554663556397245,2026-07-20 11:46:24.491834,2026-07-20 11:48:27.899263,0 days 00:02:03.407429,0.25080240657773745,0.9649966697191628,0.023891140613882995,0.2010309849855408,0.6379887053965985,0.020688234924294488,cosine,0.15666812948016837,0.03385722329805581,0.6123005166928686,1.369444748986849,0.8722666408228721,0.5067089483094548,0.49521974326078166,0.4920643150751349,0.08327260226408374,0.07828273197268322,0.338104163733081,0.6076092041508225,COMPLETE
71,0.44541958383039126,2026-07-20 11:50:26.631542,2026-07-20 11:52:21.860408,0 days 00:01:55.228866,0.19166037133734007,0.930936667785888,0.011191413224557956,0.20850427695337576,0.6459215934074917,0.021045780160793295,cosine,0.1414137508601683,0.014082108059822698,0.6157925303243267,1.3323302968566073,0.8724901771342206,0.44150464848051074,0.5541382545633134,0.3827879860540275,0.016029171822923988,0.03591183124697423,0.33215923375195083,0.6340393801743089,COMPLETE
20,0.44492262864885185,2026-07-20 10:05:57.685927,2026-07-20 10:08:04.071961,0 days 00:02:06.386034,0.16877065700586089,0.9015528642603803,0.01419781539230558,0.26082701030615857,0.6396682237061225,0.0261560940948647,cosine,0.18452034088020886,0.022028188241659256,0.616262989837315,1.3058922478143953,0.9889912230716607,0.5905296242727508,0.4822246271813707,0.3938642008186719,0.07553646041946628,0.019394107915805953,0.25027524116192845,0.5925351234561052,COMPLETE
68,0.4448666351074242,2026-07-20 11:44:17.079972,2026-07-20 11:46:24.469791,0 days 00:02:07.389819,0.11839299920438502,0.9597650292901435,0.0304954365177589,0.18127575657772263,0.571891296264763,0.022912473535950162,cosine,0.14254886563135305,0.039532041865514636,0.6066320516464074,1.3494438728122893,0.8670703586382421,0.5145970744518392,0.4883075736457051,0.38164075948142284,0.08039378843591595,0.035310987992294,0.33655031211643993,0.6046539907453427,COMPLETE
87,0.44435064161893206,2026-07-20 13:02:17.879625,2026-07-20 13:04:24.732706,0 days 00:02:06.853081,0.24941552004316686,0.9527506251788124,0.08585153616164196,0.18364904674213775,0.4717575055140927,0.02340074030092358,cosine,0.1137645593912239,0.10719789028182787,0.6499844355069778,1.3114335774520858,0.850588352651972,0.47725132627216377,0.4867593481006388,0.5734785364935874,0.1327635577550057,0.13886412762702038,0.3194322900710265,0.6459671126255621,COMPLETE
74,0.4443000601347222,2026-07-20 11:56:24.737454,2026-07-20 11:58:20.030308,0 days 00:01:55.292854,0.16992197178022744,0.9988036993395304,0.0922516347965684,0.19772622861114303,0.712364137574991,0.02005673285057475,cosine,0.15067367966995382,0.08367198449057658,0.6214969851852037,1.3682435163504998,0.8088012527864178,0.4999603493222672,0.5290268815585205,0.4259125341052985,0.03910497399447167,0.03428503078598447,0.39174007420860696,0.5827907167446303,COMPLETE
102,0.4442252313666495,2026-07-20 13:34:03.692562,2026-07-20 13:36:12.575541,0 days 00:02:08.882979,0.1445372662823185,0.9030790258298286,0.08000866500498177,0.19352463216735644,0.5555926979676955,0.022795150465071468,cosine,0.025266949664364685,0.07673827970138708,0.7153223628369397,1.4353282196520978,0.89387546731619,0.46937248090197276,0.4419868284784237,0.6154843045213908,0.11975455567847326,0.09121302179152807,0.3867199258424652,0.6802690651846232,COMPLETE
82,0.44390691139016264,2026-07-20 12:51:42.934033,2026-07-20 12:53:50.067957,0 days 00:02:07.133924,0.3455204651076869,0.9842839079716276,0.03446996905584316,0.1527699599050113,0.6459999962308459,0.01773468176950535,cosine,0.14120529687976435,0.09531227747763099,0.7301656868430642,1.4445997069099203,0.8169181884873642,0.392376533929042,0.6286150591806615,0.4842070070401149,0.010169643609522758,0.03552265702077455,0.3495794888950742,0.7094982854403024,COMPLETE
25,0.4437993342273623,2026-07-20 10:16:03.234547,2026-07-20 10:18:06.016640,0 days 00:02:02.782093,0.25551232884768227,0.8887155851468005,0.013764590360506817,0.35109115557734843,0.5588445651141677,0.01428841985953032,cosine,0.11897821425946271,0.12011738420268958,0.6002323487821845,1.2155177980098804,0.8054488286806885,0.381035020091696,0.43513190166071214,0.379204374457808,0.07722520418866623,0.19148269372447635,0.3536414558613665,0.3952907226288846,COMPLETE
85,0.4433619698307368,2026-07-20 12:58:16.012859,2026-07-20 13:00:18.020307,0 days 00:02:02.007448,0.19955857938107102,0.8953724267823888,0.08227754447345922,0.19186302197721966,0.5771340197016269,0.02284325721447631,cosine,0.035429444125778406,0.07403306190719192,0.70635178315027,1.461648752958526,0.8536961860948995,0.46617377345677297,0.44046687055493466,0.5590542011024334,0.10689652771162181,0.0947607699604224,0.3805461975411825,0.6996146289428748,COMPLETE
44,0.4430194115142344,2026-07-20 10:55:18.063574,2026-07-20 10:57:22.914203,0 days 00:02:04.850629,0.07499118415495143,0.8832714767488344,0.014718400400809437,0.21103433764700733,0.5574924372982585,0.014524787241424975,cosine,0.022972954949519328,0.1678730155503912,0.7059243166342939,1.4213606520112365,0.9521754922103862,0.7161827761423429,0.4514772605570494,0.3554948545203717,0.10580667494704939,0.062262510713266425,0.36152985430935747,0.35517663653476184,COMPLETE
105,0.4430145334165999,2026-07-20 13:40:39.471245,2026-07-20 13:42:41.364091,0 days 00:02:01.892846,0.10532682327139262,0.8305786144750167,0.06390272112166281,0.19410179454735968,0.5285512969423793,0.022530336446801493,cosine,0.03388884920054802,0.02445623574012052,0.7153958499435076,1.3976052137173343,0.9163401913340002,0.4996996668603537,0.5012820068038567,0.6463345021123438,0.14761214056906735,0.026052830888836614,0.3188471763006833,0.6879318421845672,COMPLETE
95,0.44291991343027537,2026-07-20 13:19:14.810199,2026-07-20 13:21:27.297402,0 days 00:02:12.487203,0.12278762912829423,0.9450342277006148,0.05565347083798208,0.1917391640354116,0.6150596281689144,0.020294366203758893,cosine,0.13686362889429868,0.051783231039972025,0.518856254170677,1.3913588983492284,0.8649861848277162,0.35944727713844743,0.5135214836637885,0.4795180768642291,0.061511327181117965,0.03471387193844375,0.3470352477170671,0.6185289693439253,COMPLETE
78,0.44285638482817535,2026-07-20 12:43:29.086733,2026-07-20 12:45:30.240643,0 days 00:02:01.153910,0.34171723710357343,0.9739828468975855,0.0444688247464151,0.14534436906963066,0.6469479327077801,0.016168083776554775,cosine,0.29323040670286193,0.09796873490798617,0.7222610651096576,1.4494056838753602,0.8035558862746611,0.42209481152230044,0.6306965288765545,0.48370463742625985,0.010517445682978393,0.035074320936153994,0.3336422916965215,0.6720466796318529,COMPLETE
99,0.4426343387758218,2026-07-20 13:27:39.437007,2026-07-20 13:29:56.427646,0 days 00:02:16.990639,0.3898134606695405,0.9396562729653469,0.011047759121056884,0.2191749083327626,0.5877418327851592,0.02503595155926562,cosine,0.09410609502081495,0.18793449274019183,0.6180169889870594,1.4689651190144841,0.8049556337050908,0.4820088710722379,0.4395879387185623,0.5089751607305785,0.053268434713079835,0.1279331103703611,0.3728775688391168,0.5982123329874726,COMPLETE
119,0.44260499355651706,2026-07-20 14:09:32.144003,2026-07-20 14:11:36.654639,0 days 00:02:04.510636,0.17845080025572596,0.8787075513777358,0.08154950178290003,0.21258981772638808,0.5123283562525152,0.019009546989977318,cosine,0.16125039964780224,0.01299288318364236,0.6147412628478494,1.301830238881845,0.9337259859602699,0.507378194629402,0.4364772230197401,0.42434553057700425,0.22475115474804036,0.025331458537184562,0.40803527750881585,0.5416885000509783,COMPLETE
117,0.44237087604431696,2026-07-20 14:05:22.650101,2026-07-20 14:07:27.966686,0 days 00:02:05.316585,0.05435074713064998,0.8955016624308754,0.10616632565347023,0.052210714592588414,0.593266502395301,0.026337804066178503,cosine,0.11533318784632435,0.13904064015347628,0.6945533698851206,1.3531634045711496,0.8294401255137185,0.5411916227499536,0.5901895936380518,0.5127184376625512,0.19561694460724688,0.10743546605407164,0.26442135330084876,0.5983990954578818,COMPLETE
41,0.44149576204920915,2026-07-20 10:49:23.469017,2026-07-20 10:51:22.883676,0 days 00:01:59.414659,0.16180858372375137,0.9086086378865456,0.013287512445887986,0.22587526915799433,0.5531622872008299,0.023598183804775224,cosine,0.12445086251843047,0.06270623324060406,0.5727765882011917,1.3270763462197444,0.9221004574076073,0.606775897326275,0.4733174503403357,0.3756349040835799,0.05241643615347242,0.01081126506752643,0.29420794958894336,0.4637266489626023,COMPLETE
86,0.4414368160698535,2026-07-20 13:00:18.042592,2026-07-20 13:02:17.854963,0 days 00:01:59.812371,0.21337624849773149,0.9195766382320746,0.1579617142106527,0.16496948723196078,0.7113423736166877,0.027208613481740973,cosine,0.1372153694266552,0.07099141964636964,0.5918037791336678,1.4990646982511067,0.7351702801039988,0.4393210625742434,0.5844479963468836,0.5431940251914811,0.029093693575890783,0.10077995057747853,0.26273013432515296,0.6959989536264657,COMPLETE
115,0.44133264317909326,2026-07-20 14:01:17.418032,2026-07-20 14:03:24.235026,0 days 00:02:06.816994,0.1314682560340916,0.9143946074256141,0.06549480912233566,0.23463389228430395,0.5473966188790245,0.020088736592877694,cosine,0.09426291107448695,0.07141119782990699,0.6010831111582514,1.3776247335965963,0.9166305712709908,0.5144971700527092,0.5324132180458936,0.5676936486295132,0.11511197865443976,0.010021743772753857,0.3701376212432582,0.6489031492518847,COMPLETE
90,0.4404242516754863,2026-07-20 13:08:42.375920,2026-07-20 13:10:47.166540,0 days 00:02:04.790620,0.27165321282232646,0.9534652617651281,0.19250912380567248,0.06981742831353743,0.5238112202163422,0.021388691499239863,cosine,0.06850093444986641,0.1303847555833343,0.6535058115586041,1.3706948033609334,0.7145952236123102,0.4028350030780229,0.4858041279071976,0.4548087089629816,0.03134720778009695,0.209511642631719,0.44983245275109435,0.5816840168238719,COMPLETE
106,0.44038028391396145,2026-07-20 13:42:41.386984,2026-07-20 13:44:43.689402,0 days 00:02:02.302418,0.14859668459623435,0.9861318503033714,0.08295022311073161,0.1263693407105001,0.6896793036144101,0.028147323907766357,cosine,0.03084176536477848,0.03508072045999633,0.7503988564765275,1.3495526032234026,0.985531887536542,0.47148019680034486,0.39910780270960805,0.5781571072783186,0.12704309584124163,0.06944126401937492,0.3403256149403057,0.6404642668574941,COMPLETE
101,0.4403798523385573,2026-07-20 13:32:02.669522,2026-07-20 13:34:03.668970,0 days 00:02:00.999448,0.29583943006765334,0.9521014006962196,0.15252834647783436,0.26932216751499455,0.7786990031174741,0.01809103841716327,cosine,0.18336148586998172,0.05551345252821044,0.7399573890562218,1.1771372554859019,0.837335308727438,0.5369751780094335,0.370342927428955,0.4856489736988647,0.09690794745567521,0.05824260616159499,0.42892956442440977,0.5168864111775862,COMPLETE
92,0.4400553345506908,2026-07-20 13:12:47.129364,2026-07-20 13:14:46.432373,0 days 00:01:59.303009,0.23971561144199577,0.905057043663781,0.07626205465585202,0.17501587304875907,0.5641948593802805,0.023262581813055006,cosine,0.1700882100217426,0.07216964266174287,0.6713444760001088,1.441372401986638,0.8442644207186156,0.45706755745912486,0.45842295795367577,0.5555790885803512,0.11364040171096403,0.07019675963946022,0.39107545922835013,0.7096581314836344,COMPLETE
84,0.4399507606166463,2026-07-20 12:56:01.637135,2026-07-20 12:58:15.989771,0 days 00:02:14.352636,0.24309957899306825,0.9968083480660741,0.038240560660188085,0.1044419719036245,0.6293517805074571,0.01507434396835007,cosine,0.09813316776190399,0.15749037696299067,0.6903024672741682,1.3538106706989121,0.9454496879338343,0.4090068531415829,0.6304575900960144,0.46753894869439566,0.05551928457616558,0.038002462797664394,0.424235551480017,0.607453111450562,COMPLETE
104,0.4396367071236622,2026-07-20 13:38:22.267807,2026-07-20 13:40:39.447847,0 days 00:02:17.180040,0.14938120823630618,0.9185572836093775,0.03956533696981557,0.16938877574805566,0.6157432315165393,0.030083257144903584,cosine,0.04765544679038877,0.07917281706787582,0.6736853796990638,1.426407460443503,0.8909560586535379,0.42882304004747124,0.4632577129587587,0.6017816787646739,0.1783980659245966,0.08840597998507262,0.28656531940112284,0.6185073125424654,COMPLETE
62,0.439165398890955,2026-07-20 11:31:53.531992,2026-07-20 11:33:57.313690,0 days 00:02:03.781698,0.12221470814322666,0.8695093842867992,0.07439363507945626,0.2870440619546774,0.6349825748672389,0.021746145547785506,cosine,0.08568378831172113,0.12762516131728538,0.6629158012072293,1.3773011560589667,0.871340623480177,0.5678791339047217,0.4105221586053486,0.3360186270358843,0.15884543911914087,0.04574211450964201,0.35475825191376265,0.4783502011273978,COMPLETE
83,0.4388474530147283,2026-07-20 12:53:50.099846,2026-07-20 12:56:01.612732,0 days 00:02:11.512886,0.2869236221785495,0.9568666735787055,0.035753278527539095,0.12733034096234583,0.7111825112365866,0.01823027462339842,cosine,0.14781709813446625,0.0876681745575561,0.6202895398628614,1.4001052595636043,0.8214198951324695,0.38458215309993504,0.5183134647420948,0.43964670585602944,0.03629017058668025,0.0763933732963934,0.35902780953566293,0.7592497027099209,COMPLETE
32,0.4385665458839376,2026-07-20 10:30:27.328352,2026-07-20 10:32:40.198164,0 days 00:02:12.869812,0.1367868534647156,0.8586772489083448,0.06250162610873183,0.35329263962433854,0.5546372612023441,0.024855207360345154,cosine,0.07564484364650892,0.05614103560987213,0.6419629436656633,1.2708930478347429,0.7817113703728722,0.6515755343970029,0.4215160207016608,0.27760926174891143,0.17390993887912207,0.012759478599666307,0.3116192382601117,0.48804190766513356,COMPLETE
51,0.4384651332936906,2026-07-20 11:09:49.951773,2026-07-20 11:11:44.477375,0 days 00:01:54.525602,0.14067181729022682,0.8686302881209869,0.05617028428297236,0.3003046842794367,0.5988601547720642,0.021414681066883018,cosine,0.0831817275946076,0.06076737126002689,0.6308598233361181,1.285565779387099,0.8565582244464353,0.6603982224484015,0.424036274419331,0.28837333238553886,0.15824827612538794,0.05274118392726651,0.31031934646858866,0.472362593961755,COMPLETE
109,0.438455857700793,2026-07-20 13:48:55.868251,2026-07-20 13:50:52.767339,0 days 00:01:56.899088,0.09072916389780376,0.8714326759398341,0.11868995398452319,0.19214086713358197,0.5683649623123084,0.021660865249364267,sqrt,0.07493847717505212,0.0637668531589712,0.6871512433067745,1.4715224594997842,0.8784608137542901,0.5257887849055912,0.49888501494805404,0.6136693561823554,0.16058141498382744,0.15938233473889327,0.27687842454139633,0.6715297388047952,COMPLETE
98,0.43812490621818945,2026-07-20 13:25:37.952934,2026-07-20 13:27:39.413358,0 days 00:02:01.460424,0.32316926300772186,0.8527040977909552,0.06135211937172344,0.15119417417756797,0.6644647861634556,0.020475020770798463,cosine,0.1580376729564366,0.09847599139600782,0.5534378525993221,1.4227106012512905,0.759094252365222,0.4102218268896149,0.4776534405944749,0.3990902828457287,0.14379555950553585,0.10366961991277251,0.25893006218985204,0.6448316103722995,COMPLETE
15,0.43775812852091206,2026-07-20 09:55:32.732764,2026-07-20 09:57:37.142625,0 days 00:02:04.409861,0.319428217081059,0.7665405517199897,0.1931941616320631,0.4422528166578865,0.6644273745770065,0.02705729667192065,sqrt,0.08388178211050952,0.02603831159374423,0.1340788528330559,1.1747407280840143,0.9643975004272172,0.35475194671744614,0.5606758513760435,0.5643403962067586,0.1576416193879688,0.11406485444187131,0.04028045808509338,0.4054416090108068,COMPLETE
70,0.4376701520096714,2026-07-20 11:48:27.921414,2026-07-20 11:50:26.609599,0 days 00:01:58.688185,0.31381219040708225,0.969416479490151,0.032873737317150376,0.17945371775884086,0.7472017286330196,0.017136638939641263,cosine,0.23538737773616722,0.029420475281499284,0.5950215487138721,1.4653174723868245,0.9123823486011923,0.4611415530788314,0.4846580248350602,0.5004355102579228,0.07886152724574245,0.08491342554105873,0.2076440091091161,0.5969305690781439,COMPLETE
46,0.4373743971427075,2026-07-20 10:59:31.655719,2026-07-20 11:01:43.416782,0 days 00:02:11.761063,0.07338828292675796,0.9091118422969122,0.11641676364678831,0.1877022362289071,0.6908880210678491,0.015100900601240839,cosine,0.19524078870450465,0.11092431775657229,0.7436831655964035,1.3822317511676867,0.9073991705862103,0.7910305696137903,0.36498085539579833,0.42342903374937546,0.01112453020094177,0.17098560212039599,0.4274613001138861,0.285135643710056,COMPLETE
22,0.4369048485111205,2026-07-20 10:09:58.529681,2026-07-20 10:12:06.748826,0 days 00:02:08.219145,0.17269648912538177,0.8973504294787943,0.016921959959853024,0.22681270977541554,0.5452359611595681,0.025768454072397792,cosine,0.1257025853979532,0.02771694139870557,0.5893076052435354,1.3097319381269494,0.9257996574181196,0.6091164160386167,0.4753577679407243,0.3772381414359443,0.05939485710065673,0.015430651352034863,0.26409513857459194,0.4410250055231609,COMPLETE
113,0.43666902600770147,2026-07-20 13:57:08.786871,2026-07-20 13:59:09.304297,0 days 00:02:00.517426,0.20254703907988658,0.9526361612440686,0.031428796767623245,0.11057747514887967,0.45125156720245474,0.023230358890908923,sqrt,0.06277264759426325,0.09246861212247925,0.6663957929647981,1.4077115914151952,0.9019234193136776,0.49432042799323705,0.47625140795776405,0.5846604965092224,0.09104871419457061,0.07406201554786271,0.3182508136969875,0.6816862014522616,COMPLETE
43,0.4359589494740938,2026-07-20 10:53:22.369139,2026-07-20 10:55:18.041392,0 days 00:01:55.672253,0.03664548736707912,0.9473018690584639,0.05048586568499448,0.12076359316257504,0.3926940311043464,0.019015569710316357,cosine,0.14930501699100995,0.07265872048511306,0.5707483042706587,1.3324787609844284,0.8951952541395913,0.7329349793509512,0.37807077758392027,0.45379512216388085,0.05179594152031125,0.01313966105899243,0.2976321248379826,0.5311748275453408,COMPLETE
57,0.4357161287118513,2026-07-20 11:21:54.507485,2026-07-20 11:23:56.461302,0 days 00:02:01.953817,0.0927016406367633,0.7339719159917578,0.12068241870618399,0.20838423445119697,0.6596393476650214,0.025064135458209374,cosine,0.15467733668321793,0.04509097360592525,0.6908535110698433,1.1431866723853803,0.9720659038907562,0.5181014709983008,0.3932669098905187,0.29459175152089606,0.04546151969247186,0.010853471715714233,0.19289575219476113,0.3217412453530146,COMPLETE
94,0.4355807899910431,2026-07-20 13:17:00.977059,2026-07-20 13:19:14.786357,0 days 00:02:13.809298,0.17770414495119013,0.9731056071958453,0.026846336851470875,0.23010002988590855,0.6634010607762479,0.018002058183187283,cosine,0.1177431350148746,0.1107627542192868,0.6121304635217265,1.3384026661408601,0.8906487509639838,0.3814191481394399,0.4862289534282062,0.5203200698919528,0.010723660848212357,0.15016123660645536,0.29795097876612775,0.7323113695398641,COMPLETE
100,0.4350913926754476,2026-07-20 13:29:56.450932,2026-07-20 13:32:02.640951,0 days 00:02:06.190019,0.18956363621690225,0.8841883707592677,0.09570542954504538,0.10120051866229274,0.49006973343343496,0.0157537869150287,cosine,0.0676535279122488,0.15249613078880503,0.6515893609819117,1.364000968134233,0.865971207494458,0.508521242773418,0.5342163134532822,0.5332829991971471,0.026280254985528773,0.023847631825616066,0.31110301586250316,0.5556861822438814,COMPLETE
72,0.43485896154333337,2026-07-20 11:52:21.882512,2026-07-20 11:54:29.899803,0 days 00:02:08.017291,0.22875790340010127,0.9356388967716341,0.010808694914715065,0.21387661648134462,0.5337233191356053,0.03302504237188858,cosine,0.14149796110702323,0.011786613695438512,0.5129387104162336,1.3192308042319463,0.8491995880888681,0.5097596441796478,0.5595626150632375,0.47085625212312754,0.013495645385198221,0.11199761214336124,0.34122136813394893,0.6486131922546383,COMPLETE
91,0.43409388420084755,2026-07-20 13:10:47.195057,2026-07-20 13:12:47.106219,0 days 00:01:59.911162,0.1645635584605442,0.9183248858787304,0.09653803163642126,0.13709611232090033,0.48759176639437113,0.025381890545125685,cosine,0.11341178683620387,0.03680453566912932,0.569164349382319,1.126626335130631,0.816399245185167,0.4899474709422801,0.5482835206476911,0.6218453443474066,0.09414213191295713,0.1259286139216863,0.22724954620968113,0.5437863135756352,COMPLETE
112,0.43406567843229904,2026-07-20 13:54:54.960406,2026-07-20 13:57:08.763017,0 days 00:02:13.802611,0.17043083345643328,0.9256136158348394,0.03112245615029543,0.14172386967312064,0.6322296126087122,0.019706129777321175,sqrt,0.135964054295813,0.11537728407756948,0.7204186943113523,1.4488082217893152,0.8510883038655678,0.4509433033013012,0.5243902597240213,0.6421107012043732,0.07345874192056495,0.03531794077158011,0.356455068328554,0.7524834298596802,COMPLETE
52,0.4335230930113755,2026-07-20 11:11:44.498739,2026-07-20 11:13:37.293050,0 days 00:01:52.794311,0.09465188588239568,0.8872566033231445,0.051372231130111655,0.26880398256811455,0.5132291902611632,0.025410876467454734,cosine,0.046889668810932095,0.05600188739231672,0.5654289323123168,1.2774770339510264,0.8123183999324151,0.6387705363684281,0.3804614994306157,0.31830547726284675,0.10792655128293539,0.010833685493165306,0.3768152485350976,0.44014042277875776,COMPLETE
61,0.43349494547336626,2026-07-20 11:29:57.465123,2026-07-20 11:31:53.506591,0 days 00:01:56.041468,0.1507112748158944,0.873213837200234,0.04880578587200329,0.30829374022491024,0.5789739665974781,0.021399318221202647,cosine,0.08771022057812436,0.08300945523588732,0.6350621486717394,1.2805673112602585,0.8320638832139254,0.6519904065835732,0.42578568650840704,0.28619593921699293,0.16809285771259802,0.048857173446260824,0.3076629282188606,0.4672946125922524,COMPLETE
64,0.43320607084803564,2026-07-20 11:36:03.901982,2026-07-20 11:38:07.872768,0 days 00:02:03.970786,0.23060794937748727,0.8513127875244688,0.15958988656159998,0.20665936799875742,0.48775956986825225,0.02407776598838202,cosine,0.13525056867918886,0.12076187523093179,0.6691064673876187,1.2097866773393997,0.8820076384862896,0.5567360259285171,0.4028918276743769,0.36733455412134675,0.06585206973130653,0.08472397326920666,0.25317270688442256,0.5486068895726303,COMPLETE
77,0.43310517730397724,2026-07-20 12:41:13.572153,2026-07-20 12:43:29.056471,0 days 00:02:15.484318,0.2667898647566073,0.936229491428644,0.08764022831792462,0.10038453818791812,0.790470015675283,0.019255956111040414,cosine,0.15833343225401736,0.08387920943025005,0.5453026828780281,1.3639441526514613,0.8800976251933517,0.5018797553227067,0.5364859085103459,0.5141578562007066,0.08751485910673551,0.17451743994961655,0.4609236705516822,0.5932916825761227,COMPLETE
21,0.4330200048091415,2026-07-20 10:08:04.093417,2026-07-20 10:09:58.507125,0 days 00:01:54.413708,0.18115732855360644,0.9105168582177927,0.03220937321246496,0.23938239135931083,0.6178841997239359,0.022949452938782443,cosine,0.16952455767405966,0.011286232594389477,0.5891340891525891,1.3246941732218138,0.9935420496695005,0.6123911114476053,0.4521370483267065,0.3858695379656216,0.07531428586296454,0.022369912821639498,0.24316974834431626,0.5716147104778367,COMPLETE
53,0.4328725201362634,2026-07-20 11:13:37.320042,2026-07-20 11:15:42.704267,0 days 00:02:05.384225,0.03608241649500919,0.9416366084309546,0.09010935963811745,0.34042454354123747,0.6718827234507936,0.020165339505624217,cosine,0.12133363896529563,0.11039358425125803,0.6518058056920322,1.3527449499489894,0.7658075263296069,0.584010635366163,0.3519905489589168,0.36053387992528174,0.20998727074055623,0.11794781036517045,0.33135560912628825,0.5640732875228516,COMPLETE
73,0.4321913951363319,2026-07-20 11:54:29.930116,2026-07-20 11:56:24.706121,0 days 00:01:54.776005,0.2541960800838299,0.9624392769875691,0.030138120684828365,0.15336913680334144,0.5112704513814326,0.027426239135598548,cosine,0.17658366938741651,0.05386601107992704,0.5772510529953251,1.2252062435241111,0.960450744717306,0.45232917781113147,0.5127032569507253,0.3985311615860191,0.07744822350485012,0.07357608194385953,0.2765621218710711,0.6881481986739,COMPLETE
54,0.43211294796216176,2026-07-20 11:15:42.726040,2026-07-20 11:17:46.353874,0 days 00:02:03.627834,0.17925101382332678,0.7847314156739303,0.04451002694620253,0.2414774623013808,0.5514824065003561,0.016728623927277034,cosine,0.16825366253673835,0.06062542080569331,0.732662789235542,1.2479977001530822,0.986506896041923,0.6297861457080389,0.44860602106785885,0.23325288981288003,0.03949005189243408,0.05636027016191238,0.24459860519991622,0.353520438057545,COMPLETE
79,0.43202455969886433,2026-07-20 12:45:30.268788,2026-07-20 12:47:30.655235,0 days 00:02:00.386447,0.3058796033978007,0.8937578313054457,0.12967296623939473,0.2443285219393585,0.6051561625681068,0.00999966658797511,none,0.2207720423786962,0.12748110321220468,0.6218956878632149,1.2503049998857452,0.7995632748956183,0.48533994884232673,0.5795856181312746,0.4265264208243355,0.13601698822911504,0.1057742686979053,0.3784045645876598,0.5724920541211914,COMPLETE
107,0.4319777227143909,2026-07-20 13:44:43.712821,2026-07-20 13:46:54.469814,0 days 00:02:10.756993,0.12715858303294353,0.9623436166072309,0.13665794296551015,0.2145281272305078,0.4020693257634176,0.02459588710298208,cosine,0.11405035999899041,0.09703830442344205,0.6478082730369854,1.3121802094574202,0.9388186048399133,0.5484075197792241,0.45421936393832313,0.5534490076368377,0.05736924493142162,0.11439922164388047,0.2461750549163888,0.7283233578344295,COMPLETE
65,0.4312972401990951,2026-07-20 11:38:07.895821,2026-07-20 11:40:11.757283,0 days 00:02:03.861462,0.19841037725655755,0.8992602496745303,0.03446674644117286,0.2800757788242616,0.42873798997680845,0.019118430206565225,cosine,0.19135702422174633,0.20874601386895603,0.5205358545284918,1.332603159058131,0.8224117890556109,0.4688285776370438,0.5288472017041416,0.34456366758699053,0.18439433242435185,0.16268426089348215,0.3975219270187949,0.41260099575319786,COMPLETE
116,0.43101991165538045,2026-07-20 14:03:24.262786,2026-07-20 14:05:22.626986,0 days 00:01:58.364200,0.15897965430834873,0.9338672303880797,0.05091693783610621,0.18025418097824342,0.7369772242047306,0.03181668863174562,cosine,0.07168964089374617,0.05174747669934986,0.568383593705965,1.3322051290628765,0.8734044224504227,0.4715615750835186,0.5540510351438861,0.6196788479074001,0.0474980424003546,0.05940674335564586,0.3877229461853717,0.5663007169528672,COMPLETE
31,0.4308060237650173,2026-07-20 10:28:30.233356,2026-07-20 10:30:27.305036,0 days 00:01:57.071680,0.14155337282919173,0.9231495998329221,0.010584005419741818,0.26161495815553515,0.6147193164182253,0.031049560440272288,cosine,0.13243356732237727,0.013820322646495123,0.5563812254865218,1.3572504806402117,0.9455952194442327,0.556426046876902,0.5151322898104569,0.3901211632332046,0.07175020427063142,0.06317071484319875,0.2813186308192085,0.41803435319478394,COMPLETE
118,0.43071234068417197,2026-07-20 14:07:27.991963,2026-07-20 14:09:32.113062,0 days 00:02:04.121099,0.10425768060904497,0.9700518003234181,0.010159114797860632,0.12984399058630558,0.6800119708878927,0.016103446650884718,none,0.027974938227695288,0.030454850825780713,0.6407148464835442,1.393324941680951,0.8851290952496224,0.5817584725159269,0.5027057507232752,0.5359490826130646,0.14072485476661117,0.13086758912052546,0.3003121468250408,0.6281422882550566,COMPLETE
58,0.4299510193959101,2026-07-20 11:23:56.483664,2026-07-20 11:25:54.716116,0 days 00:01:58.232452,0.1449782277285071,0.8382505124771111,0.05306823284430773,0.08227905159922017,0.7917219985911725,0.01653119973828398,cosine,0.10720843944717204,0.19331595928475406,0.46680815194535374,1.3047400608046025,0.998338944261296,0.695468509141449,0.45989578772803086,0.5867723098814367,0.13178636602746907,0.09549891278277997,0.43084248437727646,0.39403483138209916,COMPLETE
66,0.42966891338066215,2026-07-20 11:40:11.786203,2026-07-20 11:42:06.722936,0 days 00:01:54.936733,0.16462293017084875,0.7857461537280677,0.11073887948882212,0.24195808049637907,0.6479274135881788,0.027703210797427328,cosine,0.10415291494582941,0.17037368456545138,0.6971799126272473,1.4979641135432622,0.9614361786327614,0.6087844328374812,0.47152198847721993,0.408719827885616,0.034318176300718706,0.04105899325734478,0.2699417417022747,0.36329876098515196,COMPLETE
81,0.4292114147864112,2026-07-20 12:49:35.453931,2026-07-20 12:51:42.896404,0 days 00:02:07.442473,0.21491283343180556,0.9738711936051534,0.06926017093098612,0.16811355219489707,0.7863826146946892,0.013633009246333299,cosine,0.17720538074069625,0.039737695352732624,0.651267344852088,1.2970789437004746,0.8949923699366836,0.5228887708146555,0.4975448834894052,0.3795711313513137,0.06412748928125603,0.03640519203441802,0.32836152843302424,0.665675191037405,COMPLETE
80,0.42904105462732783,2026-07-20 12:47:30.678744,2026-07-20 12:49:35.430647,0 days 00:02:04.751903,0.1751709159132923,0.9266725492597289,0.1021888168889521,0.1992458373384054,0.4371069856911893,0.020320068696778028,cosine,0.3649916001471587,0.012251706021402409,0.6837215512899749,1.1892034427739153,0.9805810866508746,0.4406952781642151,0.551409503801656,0.5326201508148737,0.09297616069050504,0.07055750554750928,0.40816464203161873,0.6351509947322422,COMPLETE
55,0.4253470818519553,2026-07-20 11:17:46.377054,2026-07-20 11:19:44.839800,0 days 00:01:58.462746,0.2622539891238623,0.815328419530807,0.010776324332433989,0.14316447572535723,0.395841810127332,0.013378104795814194,cosine,0.10176676907614136,0.0999441224700384,0.599646778841003,1.4588225877242675,0.9026809140824051,0.7545075258117313,0.5049757804646631,0.4378746836119058,0.14154847250713254,0.1742111225560446,0.40122579739032393,0.48164498300908837,COMPLETE
18,0.42485474179051286,2026-07-20 10:01:53.817250,2026-07-20 10:03:56.667217,0 days 00:02:02.849967,0.3007224930003012,0.7615168828959238,0.22123942498366556,0.5150345548705986,0.7289924900836354,0.008592337154272073,cosine,0.2254723721960185,0.21937684721074396,0.21556814555184925,1.493048560374846,0.9997489677038787,0.5232037109865881,0.6622173477288422,0.5439443874981448,0.13655613173752923,0.12421580668565509,0.1427089071426283,0.5738450022877144,COMPLETE
23,0.42457811456198896,2026-07-20 10:12:06.771206,2026-07-20 10:14:06.495093,0 days 00:01:59.723887,0.09587061560948729,0.9599592279072897,0.10236763813163116,0.06450980788327793,0.44975233560108174,0.034938496416455044,cosine,0.1140541718373436,0.10853235338191453,0.6042555565138054,1.2831461336598624,0.8959970426226221,0.6233271096922024,0.4883589875517634,0.31224708569465676,0.020228089558404022,0.11297640173872933,0.2631772951400628,0.44523404802020294,COMPLETE
47,0.42419886128292217,2026-07-20 11:01:43.437079,2026-07-20 11:03:36.754059,0 days 00:01:53.316980,0.19465620844912268,0.936667894006565,0.09886288600110492,0.2613400929506015,0.7520972256201921,0.013637879187902841,cosine,0.12040547175004908,0.2805675914666057,0.7949734439876183,1.4320727061194145,0.957030897473054,0.6984150785398956,0.2952871625787664,0.5023007584615627,0.05833372193922226,0.07898982077605374,0.23853732941325967,0.3253785632925079,COMPLETE
26,0.42392326178376527,2026-07-20 10:18:06.043363,2026-07-20 10:20:14.390474,0 days 00:02:08.347111,0.25841805892079944,0.7568652248010834,0.12293225640046777,0.3458193679557461,0.748654067162257,0.016242466933934763,cosine,0.30618877510150383,0.14254131637470902,0.404983361700318,1.2044262445870604,0.8063654108421856,0.3802273153348181,0.39966982166187703,0.2506774501479535,0.19342160564389108,0.1957792847423224,0.3919543218614931,0.6121700376480192,COMPLETE
67,0.4228244391539496,2026-07-20 11:42:06.745347,2026-07-20 11:44:17.048850,0 days 00:02:10.303503,0.061304896244182304,0.8108787288554883,0.0734644462514347,0.14852177513471929,0.6969575945814774,0.014518624659935005,cosine,0.046681322336607815,0.09612164455867404,0.5517241941339862,1.4156000100681285,0.9305475872633437,0.5450567543150306,0.44259289098565013,0.2586536500645812,0.12038258147710251,0.12713122187666323,0.15749446125456784,0.4924249754660047,COMPLETE
97,0.42086395721017883,2026-07-20 13:23:36.793375,2026-07-20 13:25:37.926848,0 days 00:02:01.133473,0.3537017478452724,0.9774043448227157,0.1152656203060986,0.2516719181696783,0.4344812892864211,0.01723290683763948,none,0.20670310664093078,0.01261163786898016,0.6373562397528616,1.2291722581111262,0.9256250418674259,0.30015276821908077,0.42126829768937174,0.44712545774047385,0.08016214100302213,0.17876684682041788,0.3303677921687208,0.5796980255447933,COMPLETE
111,0.41810660289896817,2026-07-20 13:52:54.603876,2026-07-20 13:54:54.936587,0 days 00:02:00.332711,0.11410015053299317,0.855804432452407,0.0903470292283663,0.09223368562713023,0.5011740772547848,0.026504379419581562,sqrt,0.0922646285018305,0.026721729446212525,0.6265448143648907,1.4985943224134655,0.9487410124244233,0.5606128839885217,0.4133023458559153,0.6821700901951172,0.18054888718932902,0.09195069727233823,0.2951687547189733,0.5835315519085919,COMPLETE
29,0.41758713933004227,2026-07-20 10:24:14.011106,2026-07-20 10:26:31.772913,0 days 00:02:17.761807,0.07044128242609815,0.8992420399888158,0.06334956566682304,0.28298154186058067,0.48554806269023554,0.010976418211963683,cosine,0.25369996744626916,0.2894350402038513,0.4208795131979107,0.9957615713820441,0.941876150319653,0.14322163024687715,0.397042040947519,0.3464979083665586,0.08350835443451748,0.3327388472642058,0.3399345551938537,0.38613334173900843,COMPLETE
50,0.41668018019702857,2026-07-20 11:07:46.941409,2026-07-20 11:09:49.921630,0 days 00:02:02.980221,0.21664377001067459,0.8276864911608169,0.10262988025019819,0.1713252752193219,0.46832158836991855,0.010427548384530175,none,0.25436941505348587,0.24046910727282894,0.6686370778547567,1.423309582208875,0.9269815134515899,0.7014674198459485,0.31618839534801046,0.4248058506685813,0.045641927870953336,0.12261150039057545,0.3061787215033719,0.7186160605877915,COMPLETE
63,0.4161322934188551,2026-07-20 11:33:57.335270,2026-07-20 11:36:03.880265,0 days 00:02:06.544995,0.10773116641393203,0.9224485536240065,0.08000278044564804,0.3576670098291261,0.7360399414168458,0.015711275806092547,cosine,0.04393447380767906,0.14257320819677854,0.5740788091101809,1.3807688326465515,0.912320044693762,0.5752660181342131,0.35421095290607485,0.3258974094184651,0.1132692735415976,0.010258372659288383,0.35647195888239774,0.43425352680889323,COMPLETE
96,0.41496012212720923,2026-07-20 13:21:27.329253,2026-07-20 13:23:36.770779,0 days 00:02:09.441526,0.21881066342873817,0.9984891337184966,0.02829590950109364,0.12368016696928623,0.7268242176671222,0.029397873681417903,cosine,0.06482523874359235,0.13683843095768083,0.5871634242418249,1.2915168707703493,0.9080787341970489,0.4371944108277709,0.3902165699208823,0.4139231765177171,0.040878409790721916,0.06336306942333685,0.41170769817179675,0.6573156278864214,COMPLETE
56,0.41427112541563416,2026-07-20 11:19:44.860674,2026-07-20 11:21:54.485694,0 days 00:02:09.625020,0.19827753628820477,0.9141335525711234,0.17465498961963669,0.40802767398610007,0.589736840981536,0.034689119020624624,cosine,0.05122867785936061,0.15061011754364184,0.4974830923668468,1.184651959716288,0.8685944201621366,0.6718171387176927,0.5462017268098718,0.5210289014476743,0.08788946977547023,0.13858766166111985,0.28160554731106213,0.22948036537727187,COMPLETE
39,0.41073506677509986,2026-07-20 10:45:02.073375,2026-07-20 10:47:11.243662,0 days 00:02:09.170287,0.12758337068213985,0.662261713166719,0.14421362483204145,0.21087256065075727,0.5278113607579171,0.03943476219212406,sqrt,0.2150453976180567,0.4428754554981746,0.4814501457481678,1.3826858434152796,0.833122843650516,0.550344724384842,0.5977668641176843,0.411678251594093,0.2437798912292702,0.3605398876778556,0.5478733122193737,0.526976920095642,COMPLETE
88,0.4102061192820354,2026-07-20 13:04:24.755818,2026-07-20 13:06:38.075182,0 days 00:02:13.319364,0.29605311318516614,0.9376118309895738,0.11869809235107795,0.23138752156699383,0.4676896485409363,0.0323746614373871,sqrt,0.20045690637233513,0.03638049081560398,0.5425210078279221,1.3148647278631578,0.7670848704832051,0.5308790809010883,0.5600686748240886,0.496716662238414,0.07002431129918987,0.1410172348160888,0.2871936601281583,0.6585067104766069,COMPLETE
76,0.4093707427050552,2026-07-20 12:39:10.043920,2026-07-20 12:41:13.545254,0 days 00:02:03.501334,0.1921007136666432,0.9999845820629968,0.13539332157824072,0.19064472241949582,0.6942582062312139,0.01225736613303793,sqrt,0.19450530220297893,0.0376495524133243,0.6055463424778839,1.4058120137270573,0.8382634929030034,0.394604017242,0.6005334979765393,0.4361945491935416,0.03138484364465878,0.14216946526183513,0.3948398081282579,0.6279275322307005,COMPLETE
120,0.4072050537348231,2026-07-20 14:11:36.689410,2026-07-20 14:13:36.246678,0 days 00:01:59.557268,0.1448954156084489,0.9983867032181978,0.04417758313459999,0.24245761702662932,0.8613485133350629,0.021928108780189953,cosine,0.0484482133266699,0.16592735639890702,0.6756405504974549,1.2594254212148606,0.8510391337548907,0.5607099950348181,0.6076939125503528,0.6581922518344234,0.08765127120713682,0.047506362213507784,0.33874531255826584,0.6649843201644577,COMPLETE
45,0.40689730042268935,2026-07-20 10:57:22.935346,2026-07-20 10:59:31.625916,0 days 00:02:08.690570,0.0649572652385849,0.9896100074568368,0.01655523464133624,0.024449052522290238,0.45573830278061017,0.011657822362782013,cosine,0.014480043997525116,0.18138955938812928,0.6870877143813854,1.4953439180088541,0.957326006351198,0.7373124567670707,0.46339297058038853,0.3650294589113865,0.10355827651780712,0.06365701360736752,0.3693600999012515,0.3500563782790614,COMPLETE
35,0.40611881333814015,2026-07-20 10:36:50.170879,2026-07-20 10:38:49.824412,0 days 00:01:59.653533,0.13233395377772011,0.6307415401251689,0.07711530920908706,0.37537555492186436,0.8387593883630677,0.01893907864559085,sqrt,0.1823251454465567,0.08677239879407145,0.49864542800300066,1.4090272643816129,0.7656988317160406,0.31607933226495766,0.536210416556869,0.2295664447652085,0.24739069032784142,0.08846787724842459,0.20624951910060002,0.37163458430378127,COMPLETE
40,0.40522038573554064,2026-07-20 10:47:11.266098,2026-07-20 10:49:23.447471,0 days 00:02:12.181373,0.22927060526880674,0.8095388620727895,0.22282453690022877,0.29869754522978265,0.8284071359478877,0.02890444407402281,none,0.07533382900753066,0.12497091405701069,0.8365097384017811,1.2422012018643491,0.6448644459369142,0.33438226994546527,0.5068657758171808,0.340182219438654,0.3577775955687869,0.23088238742330164,0.3693557287231536,0.4800828463501653,COMPLETE
59,0.4050908547721978,2026-07-20 11:25:54.736842,2026-07-20 11:27:54.500729,0 days 00:01:59.763887,0.28329594835042776,0.9711919588751529,0.10181904889938723,0.3212011106055832,0.8991476547643035,0.01221743529400751,none,0.21739823112739662,0.04491334176390274,0.7674734144434483,1.4463332361048944,0.9380470846194968,0.6043869909198785,0.5763373868966781,0.3983675051499259,0.2646212396312185,0.05094502416092767,0.30864628052931714,0.446450298554157,COMPLETE
60,0.40309521123840264,2026-07-20 11:27:54.523641,2026-07-20 11:29:57.443422,0 days 00:02:02.919781,0.03996955217209014,0.9571277193351776,0.21028122296725402,0.2555806983595139,0.342426242537644,0.030381533673311673,cosine,0.012118781514787333,0.01368804129219875,0.6031659084973175,1.095414499372796,0.7426825775010585,0.639866602372814,0.49727600810874695,0.4610928464603188,0.21531448115304963,0.1104239978819538,0.23266512017401147,0.5252009463968683,COMPLETE
89,0.4026805670749289,2026-07-20 13:06:38.097390,2026-07-20 13:08:42.351879,0 days 00:02:04.254489,0.25258756366464935,0.980038052847419,0.060822165174465,0.27070880998547653,0.37634246726399057,0.038409892994709066,cosine,0.24211675160145085,0.10633834483522281,0.6319018873066945,1.2597396874811253,0.7883513837004398,0.34820876434009507,0.5267244538204257,0.5732534506258921,0.13248146748481338,0.03089708678620861,0.32544553756632766,0.6280538645470771,COMPLETE
38,0.40237313818997655,2026-07-20 10:43:10.209925,2026-07-20 10:45:02.052752,0 days 00:01:51.842827,0.27870651725264084,0.8724223039565504,0.04390170988637225,0.44377244900590807,0.3338410268918023,0.01463325895738993,cosine,0.15161995802767492,0.06607269501898977,0.641711133135831,1.256613861061718,0.7894058032413024,0.65760933405425,0.7024587665582693,0.2912847282564133,0.1625149495886838,0.14420054622629655,0.19569179645104753,0.2590122044884049,COMPLETE
30,0.40074635762081545,2026-07-20 10:26:31.799460,2026-07-20 10:28:30.211266,0 days 00:01:58.411806,0.36919894509590395,0.7982291178541513,0.13878982555773478,0.17198598574582558,0.2491298077304221,0.018902499768985878,cosine,0.16819907044062926,0.08794337603476815,0.07278271048225353,1.2135243541875453,0.8447861276004441,0.4855041472208295,0.4892031579919863,0.48373616300240535,0.010605988259923121,0.2026444642827266,0.22285835825779376,0.265732232245561,COMPLETE
19,0.3982492144419067,2026-07-20 10:03:56.688887,2026-07-20 10:05:57.664988,0 days 00:02:00.976101,0.41847593850148956,0.77798734589577,0.2736453692366465,0.5029325032216735,0.3631364648704811,0.009440855107487524,cosine,0.31033686683684625,0.19100639188878119,0.16672299827759063,1.4777233386228323,0.997887976502733,0.43312682004162845,0.667510369731956,0.5339892039739474,0.12431275058800716,0.1441988208839884,0.1805025775081721,0.5546994032152549,COMPLETE
110,0.39806500422628666,2026-07-20 13:50:52.795562,2026-07-20 13:52:54.580453,0 days 00:02:01.784891,0.08269978151403255,0.8989429438729516,0.053144743633572585,0.16352597412473474,0.36358892185191616,0.03532126052012775,sqrt,0.01070393281660828,0.04920765590573304,0.5895609918490892,1.2781866172138716,0.9731516053930038,0.5940420496953376,0.5687477615635599,0.5938548357458281,0.12107714162873529,0.05229524522754974,0.21970866988716786,0.6150645247868823,COMPLETE
27,0.39222408922216456,2026-07-20 10:20:14.412616,2026-07-20 10:22:13.916082,0 days 00:01:59.503466,0.335660782464563,0.9569002394166588,0.1365252015623811,0.32922870710174196,0.9473967241262664,0.01314129864667931,cosine,0.08053075126107659,0.1202775143696847,0.5387251581841666,1.011024706797508,0.8294355697507685,0.5365520148786067,0.609601104502389,0.4101089600777929,0.10380086917398113,0.19412378577753375,0.09013765795539823,0.5071125758343358,COMPLETE
48,0.388893614635879,2026-07-20 11:03:36.777833,2026-07-20 11:05:43.145053,0 days 00:02:06.367220,0.1555590544244909,0.8759029789411599,0.01070520106814335,0.12137469650217483,0.8465202473351845,0.008351655807514506,cosine,0.013242678398049504,0.2167127245054825,0.5353248516815177,1.338808597726378,0.8787062581393139,0.5829494180649052,0.464854571295999,0.47444069515290826,0.202101558165171,0.24853735638534658,0.3526815921454439,0.3798811726641911,COMPLETE
33,0.38870984284518134,2026-07-20 10:32:40.220383,2026-07-20 10:34:46.210530,0 days 00:02:05.990147,0.10610566114349743,0.7219489181691433,0.07068961674723152,0.3817533572210895,0.406968544750493,0.043576434119398724,cosine,0.06469988899564152,0.07930073321327795,0.6342567309738811,1.1160141324655692,0.7834353759826859,0.41564227882255855,0.4161753932094295,0.26646767270703003,0.1854429752828314,0.08883464408626424,0.33001739572429317,0.6381367653684119,COMPLETE
49,0.3874317780102786,2026-07-20 11:05:43.174055,2026-07-20 11:07:46.907197,0 days 00:02:03.733142,0.11499522931758646,0.9994296803411366,0.1562399399391488,0.22309645903578457,0.2649541856435034,0.017573733547647276,cosine,0.055110005946492686,0.15664869003386184,0.6163162103085635,1.1575062800974565,0.9711206104444519,0.8551635538492409,0.24637124990934806,0.3828858900031574,0.10637659095105309,0.050950110183147324,0.4833768717013093,0.4197047468476511,COMPLETE
13,0.36710893811796125,2026-07-20 09:51:20.449278,2026-07-20 09:53:30.637059,0 days 00:02:10.187781,0.29170269075375876,0.5029997879883281,0.1797321619840418,0.5907641197407761,0.7561225820303993,0.002952123936532072,sqrt,0.019156458084424233,0.24490510787915004,0.3397840111558353,1.1631161295440116,0.6973215621000688,0.5033348581548427,0.5730282264165524,0.6676737184030409,0.23646257560888373,0.2929879445899432,0.031666695531677114,0.33352255778309775,COMPLETE
34,0.3590302230494058,2026-07-20 10:34:46.240665,2026-07-20 10:36:50.148852,0 days 00:02:03.908187,0.23288892030378922,0.9913379080346084,0.1333147892147118,0.45729648438134146,0.605645274216078,0.06139800539800972,cosine,0.054901512241765496,0.17743701934694234,0.7150309257701359,1.224421795588224,0.8611103384103536,0.6736631154446419,0.2828610910990286,0.31746129153244085,0.15752206327227197,0.1605838725968592,0.4403500005488503,0.4979596839060289,COMPLETE
28,0.3565002830536463,2026-07-20 10:22:13.937962,2026-07-20 10:24:13.990005,0 days 00:02:00.052043,0.25039113322202,0.8389157295856773,0.2572440983394626,0.4234389952643093,0.18509904398859822,0.022971378202538646,cosine,0.20057642803171924,0.19147719251566694,0.6666112345659736,1.4041581631943392,0.6270893540714214,0.3734090972656023,0.4306271977907074,0.33772118255834216,0.2905884598086518,0.09681997621475841,0.4602141268129395,0.5045488380039826,COMPLETE
6,0.35496321618478804,2026-07-20 09:35:54.727562,2026-07-20 09:38:02.607539,0 days 00:02:07.879977,0.5335935478263338,0.935252620931885,0.5545570528011063,0.7382651382031219,1.092086997611539,0.02691462669464353,sqrt,0.972664796770295,0.5625708811061522,0.1539754049123761,0.22924316160589425,0.051937872516493386,0.22775147884902772,0.26725075009427357,0.11654906553328766,0.2338008255905519,0.5037522217231241,0.5520156106078706,0.2767201081674643,COMPLETE
4,0.35339067819334535,2026-07-20 09:31:07.373881,2026-07-20 09:33:31.009432,0 days 00:02:23.635551,0.2078189645684942,0.16459522504750712,0.3374634648099808,0.8029718173834086,0.8448978332795962,0.0012725347047284074,none,0.593368117330496,0.1576078672093589,0.4859558881014757,0.886319163025132,0.40229706049945585,0.7249157206075224,0.3414956023842427,0.8144736093364721,0.5080224709197735,0.25826092930101785,0.37660449390525336,0.17321241052726508,COMPLETE
17,0.33476162894360584,2026-07-20 09:59:35.580313,2026-07-20 10:01:53.795048,0 days 00:02:18.214735,0.0025460071114924987,0.5339847316882028,0.21537386119328164,0.3272660229997504,0.5282296330686211,0.002628524812794563,sqrt,0.011857350831731325,0.03572864966381839,0.015078346051357605,1.0998304638340457,0.6959150293382566,0.3607784367458901,0.5484823041181022,0.7683825031267939,0.31519378384950125,0.1505934709905734,0.029963299276794364,0.4623019599917755,COMPLETE
12,0.325684218351309,2026-07-20 09:49:04.649949,2026-07-20 09:51:20.423685,0 days 00:02:15.773736,0.43024725859167734,0.9907195021764275,0.4272102264721967,0.7811587844103338,1.0568989946203649,0.0014041191784624218,none,0.455898069892856,0.23102967280610948,0.31320252594551695,0.07282989990866032,0.021404766462538576,0.7945207744769247,0.33577167442158584,0.6917473836466579,0.6389493005221798,0.27351782802769,0.27818405505894295,0.3110491243217322,COMPLETE
36,0.32311257106663593,2026-07-20 10:38:49.846156,2026-07-20 10:40:58.557570,0 days 00:02:08.711414,0.21186697068979854,0.7041767612122241,0.17489640892106745,0.2984054614984174,0.17448622021473126,0.03036331296478046,none,0.08793754661429043,0.1573730209046107,0.7056161548627637,1.0761147423118744,0.8572035742596829,0.48835694070943864,0.431329237568379,0.45059773302058226,0.08111124388389662,0.21040657700009616,0.08090736814489399,0.6757206622933665,COMPLETE
5,0.3200920606213394,2026-07-20 09:33:31.036167,2026-07-20 09:35:54.699182,0 days 00:02:23.663015,0.24641864176560802,0.2122301792070324,0.9425623394588712,0.11571411129374166,0.3120862554840358,0.013259898971150461,cosine,0.6057955117761621,0.6387543752783909,0.490920051331249,0.8410456966924871,0.24503748097307887,0.7048412816479491,0.468242361443137,0.022253031755544134,0.287066253810022,0.6043782260836631,0.1599567909723776,0.5364562704053384,COMPLETE
24,0.31795488031601465,2026-07-20 10:14:06.516768,2026-07-20 10:16:03.205466,0 days 00:01:56.688698,0.17479824151659862,0.8518605449945735,0.0858313777509667,0.172067415998687,0.2955541201138436,0.05102892664526374,cosine,0.3276087696407754,0.01659665931369224,0.43430515388595786,1.0563905568665524,0.8983307111655846,0.80147332541768,0.5250795124375807,0.49448097339088554,0.13083226398097456,0.02650599470924421,0.11409749741764078,0.4041459887842375,COMPLETE
11,0.3172897954323579,2026-07-20 09:46:59.764060,2026-07-20 09:49:04.629182,0 days 00:02:04.865122,0.5394500819060876,0.01912326169573958,0.3662241576541043,0.7895187098976442,0.90876727659561,0.0014450966001429881,sqrt,0.4238172717412546,0.3458093366871945,0.2289233666084049,0.5460417087109546,0.23955345160366037,0.9943134305838948,0.6224670032681754,0.9615351006574249,0.6563445108878994,0.9915951665000003,0.32667186193955167,0.015711363870110545,COMPLETE
37,0.31015051175673064,2026-07-20 10:40:58.587039,2026-07-20 10:43:10.183647,0 days 00:02:11.596608,0.0019319970673616071,0.8470685684127701,0.07101155111513528,0.35968615846343255,0.0008800849319267057,0.022754898451554924,cosine,0.26357929560291166,0.14235927275620286,0.5272115394452221,0.9215003469959471,0.9308554222824137,0.4223363753073548,0.3329558741900892,0.1799830361045487,0.32429424134079443,0.08083567694226136,0.4062774649024141,0.605873389458939,COMPLETE
0,0.3052734458199694,2026-07-20 09:22:02.272229,2026-07-20 09:24:31.325744,0 days 00:02:29.053515,0.08833861360265953,0.35410818080573375,0.9896698755115133,0.27037350914846764,0.11111349648900415,0.008830886912843934,none,0.23386825542239822,0.7755672070882457,0.11763242268980063,0.9915965000517142,0.152886173165431,0.9024938905111697,0.4067954767114045,0.33868287013242354,0.4479770280280353,0.44336275017383864,0.6947620981248982,0.7019659770467283,COMPLETE
10,0.3051615216673357,2026-07-20 09:44:59.242976,2026-07-20 09:46:59.741635,0 days 00:02:00.498659,0.5838733509381868,0.865473530014902,0.0905099416628184,0.6539286389730133,1.270696982422183,0.03691443384312405,sqrt,0.9833247573967341,0.5240449247088904,0.03254539805769241,0.40873490835424586,0.0112304005340274,0.0246029986270776,0.021923419340979966,0.1846706878459038,0.028278304132518167,0.032529587439401486,0.4876404831428535,0.3526377752743349,COMPLETE
1,0.2931088627727329,2026-07-20 09:24:31.354112,2026-07-20 09:26:44.084897,0 days 00:02:12.730785,0.1149578856502814,0.6922848116820849,0.5816667904256286,0.6418152088867742,0.6149458601380722,0.05301552609026701,none,0.879845568461052,0.4180925423725627,0.8533220311742805,0.08306410069057168,0.8087126747062625,0.6777419409099141,0.7531866246453834,0.2780524279821396,0.3915501377343111,0.8204597053519123,0.41188606435330605,0.1303405533464713,COMPLETE
14,0.2771963368925035,2026-07-20 09:53:30.659111,2026-07-20 09:55:32.708790,0 days 00:02:02.049679,0.6298724523853365,0.529313147444812,0.010725962107356934,0.5792045197847115,1.2528226485085483,0.004010693686513192,sqrt,0.11831628651590956,0.2733608542117419,0.2853741824989757,1.4420315823219032,0.7280261888347653,0.4702749460053256,0.9435025121607971,0.5930844841515444,0.2134268293972481,0.41222444388050955,0.1640156256546282,0.9527748783910799,COMPLETE
7,0.26999244216231133,2026-07-20 09:38:02.630241,2026-07-20 09:40:22.820381,0 days 00:02:20.190140,0.052110280445574586,0.25325845301060174,0.6586322382748079,0.7748819408445867,0.04926219887830685,0.006332404131423426,cosine,0.9714758138566354,0.11526044097750347,0.7936594298872025,0.8449654906156234,0.41391143210140013,0.29841329793798665,0.8221161907331682,0.45598503017364345,0.1748914676050645,0.7795241606802272,0.887640592404615,0.7961580105638953,COMPLETE
16,0.2335479920644245,2026-07-20 09:57:37.164829,2026-07-20 09:59:35.549256,0 days 00:01:58.384427,0.3255486003299776,0.8176668254153967,0.17466787593266803,0.3991437267447846,0.685162033629267,0.0959212329439108,sqrt,0.03268825572824696,0.030605677605258855,0.36799128171905243,1.1576897702503046,0.882641460314887,0.5712389364062881,0.5716822591420726,0.5500807798994561,0.12949094191533583,0.05368766628123939,0.017654673804110812,0.46080770782761177,COMPLETE
3,0.22699508380529854,2026-07-20 09:28:52.614650,2026-07-20 09:31:07.341549,0 days 00:02:14.726899,0.9414875762888406,0.672382023218419,0.9930274775734568,0.935853308343868,0.1305154845909744,0.01803088586917611,sqrt,0.792735555867891,0.9791954741349274,0.6745699180401483,0.8473131464442378,0.33941927413595846,0.03885453269614965,0.19473338778402793,0.44342970918014546,0.5043490719812277,0.5224513207580205,0.691092728576971,0.6589739709888032,COMPLETE
9,0.22453009190272227,2026-07-20 09:42:38.413863,2026-07-20 09:44:59.220460,0 days 00:02:20.806597,0.9448178982242417,0.4431048659179946,0.8827667124996292,0.4315268594516727,0.44367607969033585,0.08595565172720673,none,0.704004324304304,0.3615144146728063,0.7655435332177843,0.31522472213273456,0.08500153909773929,0.2490954413592896,0.1476388573885692,0.44017201940927375,0.011650210748756874,0.6828661467498132,0.6472165669367621,0.16593361041926202,COMPLETE
8,0.14854134065517954,2026-07-20 09:40:22.842971,2026-07-20 09:42:38.391990,0 days 00:02:15.549019,0.17984206305199432,0.19296015504673708,0.3335966913245654,0.9720332970469537,1.9287709183427526,0.004028874203913463,none,0.8535758729281702,0.07416848796714348,0.9194708607604983,1.294876337987529,0.543414430933683,0.4424159894160949,0.3632892687812769,0.6470604458867892,0.3885378039189191,0.2697871201489126,0.7896834733444391,0.7237868200702549,COMPLETE
2,0.14574656720743914,2026-07-20 09:26:44.117717,2026-07-20 09:28:52.592410,0 days 00:02:08.474693,0.37522112618627573,0.6504674841499002,0.9028234423231777,0.47572737526678305,1.7534817411451515,0.016625776563215882,sqrt,0.637444842418924,0.13285160810475052,0.45962429078430905,0.7391869970388998,0.54210088997153,0.5977881183743332,0.1791818595875121,0.007905999839255077,0.8506719412602034,0.39871850011946997,0.9517773766874686,0.8237903028988035,COMPLETE
75,,2026-07-20 11:58:20.052091,,,0.18976785664105844,0.9931433011573251,0.13444324091988688,0.1913121898976969,0.8029830411763617,0.019802665626804907,sqrt,0.20378080882365787,0.09684054302290895,0.6121015215663985,1.4078190874520393,0.830188337441366,0.4904179089701692,0.6059227895845929,0.4566015409172109,0.02925346056675562,0.13845606752693368,0.45653002338739956,0.6191291014410469,RUNNING
