number,value,datetime_start,datetime_complete,duration,params_ema_decay,params_logit_adjust_tau,params_lr,params_lr_decay,params_server_momentum,state
20,0.3346115840946123,2026-08-05 15:41:54.517313,2026-08-05 15:43:10.451329,0 days 00:01:15.934016,0.7150220463520929,0.6699232948232681,0.007259828082539474,cosine,0.4930501862077924,COMPLETE
21,0.33439292375350355,2026-08-05 15:43:10.480626,2026-08-05 15:44:26.611927,0 days 00:01:16.131301,0.7222012492238428,0.6833831170259002,0.007164633983993884,cosine,0.49211930994952513,COMPLETE
22,0.33097997043312505,2026-08-05 15:44:26.633867,2026-08-05 15:45:41.716601,0 days 00:01:15.082734,0.7493291901458206,0.7677050201895683,0.00679693718752112,cosine,0.4788149750528404,COMPLETE
13,0.3274961256812163,2026-08-05 15:32:59.225143,2026-08-05 15:34:16.387613,0 days 00:01:17.162470,0.7296914316660551,0.855107841287013,0.013269924811618268,cosine,0.03947863685671915,COMPLETE
5,0.32471567754500935,2026-08-05 15:22:44.736499,2026-08-05 15:24:01.321539,0 days 00:01:16.585040,0.05717596953770515,0.6127601245074066,0.01149856609875099,cosine,0.09067403617629564,COMPLETE
23,0.3182491796452272,2026-08-05 15:45:41.742930,2026-08-05 15:46:58.510808,0 days 00:01:16.767878,0.8241552488349468,0.6962603581499195,0.005631508845743799,cosine,0.46806371523139395,COMPLETE
17,0.3145854773438321,2026-08-05 15:38:06.312972,2026-08-05 15:39:21.477167,0 days 00:01:15.164195,0.17875493005442958,0.5326655519248462,0.014443032199159753,cosine,0.23150696506240254,COMPLETE
19,0.3074263903377814,2026-08-05 15:40:38.157955,2026-08-05 15:41:54.495077,0 days 00:01:16.337122,0.4162138050564913,0.9723477225680611,0.01726018608417139,cosine,0.0008455745939959583,COMPLETE
28,0.30398350112502087,2026-08-05 15:52:07.900430,2026-08-05 15:53:24.605268,0 days 00:01:16.704838,0.9107818854189529,0.9963880345833296,0.007791743078481951,cosine,0.5687869868344247,COMPLETE
0,0.30319232745241026,2026-08-05 15:16:11.895178,2026-08-05 15:17:34.156452,0 days 00:01:22.261274,0.7566689151418989,1.0243039676187018,0.019436102739531086,sqrt,0.316597428541417,COMPLETE
16,0.30085416273568444,2026-08-05 15:36:50.399445,2026-08-05 15:38:06.292240,0 days 00:01:15.892795,0.3964656540181719,0.8514421068713298,0.004212143354954832,cosine,0.1253405880984071,COMPLETE
2,0.2992816679539482,2026-08-05 15:18:54.044563,2026-08-05 15:20:13.690667,0 days 00:01:19.646104,0.3246628702079704,0.4501403371384798,0.029891320923375476,none,0.13130175095700114,COMPLETE
15,0.29620268379312426,2026-08-05 15:35:32.604540,2026-08-05 15:36:50.373273,0 days 00:01:17.768733,0.2690161104668619,0.7307390830070587,0.0045566320765509935,cosine,0.007479871374136471,COMPLETE
1,0.28132046492762836,2026-08-05 15:17:34.189556,2026-08-05 15:18:54.019542,0 days 00:01:19.829986,0.0013759737362700607,0.6114072662377579,0.0074830327378829515,sqrt,0.21407641884895806,COMPLETE
29,0.27643542548794386,2026-08-05 15:53:24.634928,2026-08-05 15:54:42.156681,0 days 00:01:17.521753,0.7567399150380048,0.7733729207668875,0.0031900103338275932,sqrt,0.2991128246574842,COMPLETE
24,0.2716837486717439,2026-08-05 15:46:58.533639,2026-08-05 15:48:16.062062,0 days 00:01:17.528423,0.6559810132458854,0.366327882371281,0.008426806587901303,cosine,0.5113642663202775,COMPLETE
25,0.2701064175411425,2026-08-05 15:48:16.083785,2026-08-05 15:49:33.699637,0 days 00:01:17.615852,0.8819195991046301,0.6774566110960175,0.003190948036984613,cosine,0.4825146034692182,COMPLETE
27,0.2654301900948981,2026-08-05 15:50:51.948891,2026-08-05 15:52:07.878692,0 days 00:01:15.929801,0.7905128533234178,0.54617433201422,0.005084827433759832,cosine,0.43727443433201557,COMPLETE
3,0.2616089458672248,2026-08-05 15:20:13.713969,2026-08-05 15:21:29.088411,0 days 00:01:15.374442,0.8434871241853532,1.208677293024366,0.0295080794355624,sqrt,0.6677318309780895,COMPLETE
18,0.26039396410062765,2026-08-05 15:39:21.505763,2026-08-05 15:40:38.130830,0 days 00:01:16.625067,0.5809182766450254,0.4513109779330343,0.010864285034648478,cosine,0.10624846504519721,COMPLETE
26,0.2502704850148013,2026-08-05 15:49:33.724845,2026-08-05 15:50:51.926921,0 days 00:01:18.202076,0.7207506827271896,0.22524468105383666,0.007393718401427059,cosine,0.5577561136031188,COMPLETE
12,0.23880676373321272,2026-08-05 15:31:42.375358,2026-08-05 15:32:59.202971,0 days 00:01:16.827613,0.3059742972648071,0.06666818685282094,0.010834628907175537,cosine,0.32705019698485593,COMPLETE
10,0.22491857707253263,2026-08-05 15:29:10.391337,2026-08-05 15:30:25.622959,0 days 00:01:15.231622,0.9700637325635546,0.2733017006899814,0.0010021551225619953,cosine,0.03206428652286053,COMPLETE
9,0.20635401465350744,2026-08-05 15:27:52.047328,2026-08-05 15:29:10.351381,0 days 00:01:18.304053,0.6657449706295022,1.4332060866009446,0.01919493288619165,sqrt,0.6495524604420984,COMPLETE
6,0.20262885874473038,2026-08-05 15:24:01.358142,2026-08-05 15:25:18.442777,0 days 00:01:17.084635,0.1192136969221692,1.412526083242544,0.00648046012817497,none,0.6070824563741724,COMPLETE
11,0.1929126887477586,2026-08-05 15:30:25.643668,2026-08-05 15:31:42.353619,0 days 00:01:16.709951,0.6021971850231875,0.8207581729315415,0.09855560842695422,cosine,0.9207901401834113,COMPLETE
7,0.1738953920249842,2026-08-05 15:25:18.465014,2026-08-05 15:26:36.245371,0 days 00:01:17.780357,0.17878379030588537,1.5519544876704676,0.027653875771358066,none,0.3672728350978454,COMPLETE
4,0.16117920533810334,2026-08-05 15:21:29.110173,2026-08-05 15:22:44.715293,0 days 00:01:15.605120,0.4646329451714838,1.198903998776101,0.05442024486929646,none,0.37557508256875816,COMPLETE
8,0.09250145338510231,2026-08-05 15:26:36.266797,2026-08-05 15:27:52.022050,0 days 00:01:15.755253,0.05822620122386958,1.63984724918943,0.0026746810069549,none,0.1909036352873161,COMPLETE
14,0.07322350940027146,2026-08-05 15:34:16.409683,2026-08-05 15:35:32.582896,0 days 00:01:16.173213,0.5109198073856642,1.9796871720949396,0.011334997157636757,cosine,0.03967443845293378,COMPLETE
