method,N,accuracy_mean,accuracy_std,macro_f1_mean,macro_f1_std,f1_survived_mean,f1_survived_std,f1_collapsed_mean,f1_collapsed_std,f1_obstructed_mean,f1_obstructed_std,f1_missing_mean,f1_missing_std,n_seeds
alzenad2017,30,0.5742,0.2041,0.2506,0.0605,0.7035,0.2025,0.0729,0.0693,0.1241,0.0989,0.1017,0.0898,10
alzenad2017,50,0.6959,0.2391,0.2291,0.0728,0.773,0.2858,0.0707,0.0921,0.0123,0.0381,0.0605,0.098,10
alzenad2017,100,0.6225,0.1261,0.2847,0.0337,0.7653,0.0889,0.1321,0.0571,0.0695,0.0434,0.172,0.101,10
alzenad2017,200,0.5659,0.0957,0.2942,0.0425,0.7169,0.0907,0.1174,0.0378,0.1137,0.058,0.229,0.0233,10
centralized,30,0.7644,0.0124,0.5971,0.0076,0.8547,0.01,0.3242,0.0197,0.7935,0.011,0.4158,0.0088,10
centralized,50,0.7698,0.013,0.6,0.0074,0.859,0.0104,0.332,0.0255,0.7871,0.0139,0.422,0.0131,10
centralized,100,0.7655,0.0111,0.6,0.0096,0.8552,0.0083,0.3358,0.0198,0.7884,0.0112,0.4207,0.0126,10
centralized,200,0.7674,0.0107,0.5994,0.0109,0.8571,0.0082,0.3285,0.0221,0.7981,0.0154,0.414,0.0155,10
fair_mab,30,0.5659,0.0599,0.3561,0.0295,0.711,0.0588,0.2299,0.0244,0.2209,0.0574,0.2628,0.0127,10
fair_mab,50,0.5502,0.0899,0.3439,0.0476,0.6933,0.0862,0.2287,0.0427,0.1918,0.0775,0.2617,0.0181,10
fair_mab,100,0.5766,0.0206,0.3733,0.0138,0.7222,0.0187,0.2569,0.0355,0.2454,0.0355,0.2687,0.0127,10
fair_mab,200,0.6071,0.034,0.3855,0.0169,0.7498,0.03,0.2261,0.0267,0.2916,0.0421,0.2747,0.0089,10
fedcs,30,0.68,0.032,0.4208,0.0205,0.8078,0.0258,0.2625,0.0262,0.3158,0.0577,0.2973,0.0127,10
fedcs,50,0.6964,0.0185,0.4205,0.0137,0.8218,0.014,0.2577,0.0292,0.3226,0.0497,0.2798,0.0129,10
fedcs,100,0.6833,0.0128,0.4146,0.0116,0.8123,0.0102,0.2683,0.0106,0.2945,0.0314,0.2834,0.0096,10
fedcs,200,0.7024,0.0116,0.4172,0.011,0.8271,0.0085,0.2703,0.0223,0.2956,0.0319,0.276,0.0084,10
flat_fl,30,0.7589,0.0189,0.5136,0.0211,0.8587,0.0122,0.3063,0.0323,0.6015,0.0796,0.288,0.0251,10
flat_fl,50,0.7461,0.0244,0.4526,0.0265,0.8537,0.0161,0.3024,0.0073,0.3807,0.0897,0.2735,0.0135,10
flat_fl,100,0.7353,0.0157,0.4355,0.0159,0.8469,0.0103,0.2792,0.0167,0.3485,0.0553,0.2675,0.0313,10
flat_fl,200,0.7442,0.0061,0.3939,0.0216,0.8556,0.0036,0.255,0.0273,0.2221,0.0697,0.2429,0.0197,10
hfl_no_reputation,30,0.6581,0.1385,0.352,0.0317,0.7795,0.1098,0.237,0.0548,0.2019,0.0639,0.1898,0.1081,10
hfl_no_reputation,50,0.8197,0.0042,0.3056,0.0184,0.9008,0.0024,0.1786,0.0561,0.1207,0.049,0.0223,0.0178,10
hfl_no_reputation,100,0.7557,0.0837,0.3588,0.0308,0.8602,0.0562,0.2328,0.0534,0.1849,0.0598,0.1573,0.0875,10
hfl_no_reputation,200,0.7796,0.0681,0.3645,0.0403,0.8746,0.0466,0.2294,0.0795,0.2213,0.0487,0.1327,0.0911,10
hfl_no_selection,30,0.7983,0.0621,0.3248,0.042,0.8878,0.0373,0.1432,0.0853,0.2257,0.1153,0.0427,0.0669,10
hfl_no_selection,50,0.781,0.0879,0.3212,0.0545,0.8731,0.0628,0.1443,0.0829,0.1952,0.1719,0.0722,0.1105,10
hfl_no_selection,100,0.7969,0.0629,0.324,0.0344,0.8845,0.0459,0.1756,0.0477,0.1718,0.072,0.0642,0.0767,10
hfl_no_selection,200,0.8143,0.0036,0.3416,0.04,0.8985,0.002,0.2115,0.0622,0.1749,0.0685,0.0816,0.0555,10
hfl_static,30,0.7498,0.0992,0.3393,0.0608,0.8514,0.0727,0.2193,0.0437,0.1717,0.1647,0.1148,0.1229,10
hfl_static,50,0.7475,0.1022,0.3414,0.0441,0.8502,0.0751,0.2351,0.0678,0.1446,0.0713,0.1357,0.1125,10
hfl_static,100,0.7234,0.0738,0.376,0.0338,0.8377,0.0496,0.2331,0.0516,0.2275,0.0703,0.2058,0.0947,10
hfl_static,200,0.7865,0.046,0.3846,0.0319,0.8812,0.0285,0.2639,0.0608,0.2299,0.0588,0.1633,0.068,10
mozaffari2016,30,0.6591,0.18,0.2483,0.0453,0.7729,0.1541,0.0201,0.0396,0.0835,0.0962,0.1167,0.1234,10
mozaffari2016,50,0.7522,0.1031,0.2859,0.0318,0.8534,0.0774,0.045,0.0674,0.1337,0.0521,0.1116,0.0943,10
mozaffari2016,100,0.6254,0.0356,0.317,0.0259,0.7775,0.0236,0.1261,0.0391,0.1384,0.0234,0.2261,0.0503,10
mozaffari2016,200,0.6262,0.0304,0.3313,0.006,0.774,0.0257,0.1497,0.0121,0.1606,0.0164,0.2408,0.0238,10
oort,30,0.7052,0.0262,0.4132,0.0245,0.8262,0.0186,0.2913,0.0445,0.2487,0.0461,0.2864,0.0092,10
oort,50,0.7316,0.0136,0.4164,0.0154,0.8475,0.0098,0.2949,0.0204,0.2616,0.0595,0.2616,0.0169,10
oort,100,0.7316,0.0081,0.4311,0.0165,0.8467,0.0054,0.2944,0.0226,0.3171,0.0537,0.266,0.0133,10
oort,200,0.7366,0.0098,0.4342,0.012,0.8502,0.007,0.2887,0.0237,0.3415,0.0336,0.2564,0.0115,10
power_of_choice,30,0.5767,0.0619,0.3637,0.0433,0.7191,0.0572,0.2372,0.0473,0.227,0.093,0.2715,0.0266,10
power_of_choice,50,0.6435,0.0902,0.3542,0.0306,0.7754,0.068,0.2581,0.0327,0.1417,0.0723,0.2416,0.0889,10
power_of_choice,100,0.5848,0.076,0.3596,0.0497,0.7283,0.0688,0.2533,0.0358,0.191,0.0858,0.2659,0.0223,10
power_of_choice,200,0.6521,0.0851,0.3824,0.0363,0.7839,0.0714,0.2809,0.0493,0.2004,0.0434,0.2643,0.0202,10
proposed_hfl,30,0.7223,0.1232,0.3426,0.0479,0.8283,0.0991,0.2403,0.0665,0.1717,0.0873,0.1303,0.131,10
proposed_hfl,50,0.7249,0.1282,0.3089,0.0382,0.836,0.0881,0.1703,0.0658,0.1284,0.0395,0.1009,0.1186,10
proposed_hfl,100,0.7374,0.0762,0.3848,0.0365,0.8476,0.0506,0.2482,0.0591,0.2477,0.0581,0.1956,0.0891,10
proposed_hfl,200,0.766,0.0626,0.3837,0.0435,0.8691,0.039,0.2527,0.0752,0.2575,0.0728,0.1554,0.0713,10
rep_cap,30,0.6973,0.1902,0.2789,0.0309,0.798,0.1652,0.1551,0.0511,0.0805,0.0626,0.082,0.1068,10
rep_cap,50,0.7746,0.1098,0.3094,0.0447,0.868,0.0866,0.181,0.0911,0.114,0.0581,0.0745,0.0752,10
rep_cap,100,0.6724,0.1883,0.2889,0.0486,0.7892,0.1467,0.1585,0.0608,0.1082,0.0681,0.0998,0.1073,10
rep_cap,200,0.7308,0.1307,0.3218,0.0405,0.8364,0.1043,0.1799,0.0792,0.1356,0.0645,0.1354,0.087,10
