N,method_a,method_b,n_pairs,statistic,p_value,mean_diff,effect_size,ci_low,ci_high,significant,metric,test,correction
50,alzenad2017,centralized,10,0.0,0.001953125,-0.017243271468815748,-1.0,-0.02462153871677202,-0.00987268404607077,False,accuracy,wilcoxon,holm
200,alzenad2017,centralized,10,0.0,0.001953125,-0.013973034251531014,-1.0,-0.019227297374593125,-0.00903405862230923,False,accuracy,wilcoxon,holm
100,alzenad2017,fair_mab,10,0.0,0.001953125,0.012831650625529345,1.0,0.007829537522198346,0.018393089190834707,False,accuracy,wilcoxon,holm
200,power_of_choice,proposed_hfl,10,0.0,0.001953125,-0.006675872244850611,-1.0,-0.00975777146133992,-0.0037476161696398313,False,accuracy,wilcoxon,holm
200,centralized,fedcs,10,0.0,0.001953125,0.03998330205236306,1.0,0.03285001706066628,0.046512134501215864,False,accuracy,wilcoxon,holm
100,centralized,fedcs,10,0.0,0.001953125,0.013225141432991838,1.0,0.00937470778351872,0.01668415065048668,False,accuracy,wilcoxon,holm
100,centralized,hfl_no_reputation,10,0.0,0.001953125,0.018453993660408462,1.0,0.012503273397766385,0.02421103086443387,False,accuracy,wilcoxon,holm
200,centralized,hfl_no_selection,10,0.0,0.001953125,0.02768195217491002,1.0,0.022895502118236807,0.031920147559124416,False,accuracy,wilcoxon,holm
200,centralized,hfl_no_reputation,10,0.0,0.001953125,0.02165311954863397,1.0,0.01627154949104731,0.026825815556032362,False,accuracy,wilcoxon,holm
200,centralized,flat_fl,10,0.0,0.001953125,0.01238237224558474,1.0,0.009139968254207397,0.015120949756195212,False,accuracy,wilcoxon,holm
50,centralized,flat_fl,10,0.0,0.001953125,0.02254095100633352,1.0,0.014909004092567341,0.031519526114090785,False,accuracy,wilcoxon,holm
100,centralized,flat_fl,10,0.0,0.001953125,0.023642052777242538,1.0,0.019461375510079974,0.028084167373389344,False,accuracy,wilcoxon,holm
200,centralized,fair_mab,10,0.0,0.001953125,0.019000486451071507,1.0,0.014823138912310907,0.02388059505106142,False,accuracy,wilcoxon,holm
100,centralized,fair_mab,10,0.0,0.001953125,0.025183588515224488,1.0,0.021293704022713987,0.029484723669605778,False,accuracy,wilcoxon,holm
100,centralized,hfl_static,10,0.0,0.001953125,0.01949207981280281,1.0,0.014587220114288443,0.024801416140560698,False,accuracy,wilcoxon,holm
200,centralized,hfl_static,10,0.0,0.001953125,0.01572238841663186,1.0,0.010346437627569085,0.020869841973433684,False,accuracy,wilcoxon,holm
100,centralized,oort,10,0.0,0.001953125,0.030894549543102424,1.0,0.028053379225116484,0.03399304947011711,False,accuracy,wilcoxon,holm
200,centralized,oort,10,0.0,0.001953125,0.023012291872318968,1.0,0.01825338924086479,0.028177875204463108,False,accuracy,wilcoxon,holm
200,centralized,mozaffari2016,10,0.0,0.001953125,0.021965629424104172,1.0,0.017091650416579878,0.026625171636248626,False,accuracy,wilcoxon,holm
200,centralized,power_of_choice,10,0.0,0.001953125,0.024192840229114155,1.0,0.020817054562085203,0.02756671353814707,False,accuracy,wilcoxon,holm
50,centralized,proposed_hfl,10,0.0,0.001953125,0.012148464926404789,1.0,0.007340021593921212,0.01858668287891387,False,accuracy,wilcoxon,holm
100,centralized,proposed_hfl,10,0.0,0.001953125,0.01251234051006409,1.0,0.007959459486693472,0.01726395379649312,False,accuracy,wilcoxon,holm
100,centralized,power_of_choice,10,0.0,0.001953125,0.02932424951455641,1.0,0.02451393781797212,0.03416633019341584,False,accuracy,wilcoxon,holm
200,centralized,proposed_hfl,10,0.0,0.001953125,0.017516967984263544,1.0,0.01436258152941218,0.020737535530866505,False,accuracy,wilcoxon,holm
30,centralized,mozaffari2016,10,0.0,0.001953125,0.014044336347841923,1.0,0.007689548581954704,0.021031222474902023,False,accuracy,wilcoxon,holm
50,centralized,mozaffari2016,10,0.0,0.001953125,0.009444780595111158,1.0,0.005682000727015679,0.013957735630060327,False,accuracy,wilcoxon,holm
100,centralized,mozaffari2016,10,0.0,0.001953125,0.017492310378901078,1.0,0.012198910909493718,0.023126775712936726,False,accuracy,wilcoxon,holm
200,fedcs,flat_fl,10,0.0,0.001953125,-0.027600929806778318,-1.0,-0.03451317918302958,-0.020819710067966152,False,accuracy,wilcoxon,holm
100,hfl_no_reputation,oort,10,0.0,0.001953125,0.01244055588269396,1.0,0.007477670925163145,0.017377272107348834,False,accuracy,wilcoxon,holm
100,fair_mab,fedcs,10,0.0,0.001953125,-0.011958447082232648,-1.0,-0.01650980060511927,-0.007704647678560537,False,accuracy,wilcoxon,holm
200,centralized,rep_cap,10,0.0,0.001953125,0.026079892219904366,1.0,0.021479144581419186,0.031158293691961356,False,accuracy,wilcoxon,holm
100,centralized,rep_cap,10,0.0,0.001953125,0.024977591353357108,1.0,0.020482920227621874,0.029290811267010875,False,accuracy,wilcoxon,holm
200,flat_fl,power_of_choice,10,0.0,0.001953125,0.011810467983529416,1.0,0.010013545559019954,0.01377917343921738,False,accuracy,wilcoxon,holm
200,fedcs,proposed_hfl,10,0.0,0.001953125,-0.022466334068099513,-1.0,-0.029915142919051115,-0.01462640308940048,False,accuracy,wilcoxon,holm
200,flat_fl,hfl_no_selection,10,0.0,0.001953125,0.01529957992932528,1.0,0.010207506285067417,0.019919967800038043,False,accuracy,wilcoxon,holm
50,fedcs,power_of_choice,10,0.0,0.001953125,0.0268567926924256,1.0,0.02210524709150686,0.03132384607538493,False,accuracy,wilcoxon,holm
100,fedcs,oort,10,0.0,0.001953125,0.017669408110110585,1.0,0.012262177205790028,0.023594798308865232,False,accuracy,wilcoxon,holm
100,alzenad2017,power_of_choice,10,0.0,0.001953125,0.01697231162486127,1.0,0.011645968950297828,0.02462601571803133,False,accuracy,wilcoxon,holm
100,alzenad2017,oort,10,0.0,0.001953125,0.01854261165340728,1.0,0.013153522952438417,0.023940315467415842,False,accuracy,wilcoxon,holm
200,alzenad2017,hfl_no_selection,10,0.0,0.001953125,0.013708917923379004,1.0,0.009823775898869182,0.01767728256555279,False,accuracy,wilcoxon,holm
100,oort,proposed_hfl,10,0.0,0.001953125,-0.018382209033038333,-1.0,-0.023706418494286743,-0.013106494038104082,False,accuracy,wilcoxon,holm
50,centralized,power_of_choice,10,1.0,0.00390625,0.02821941267565866,0.9636363636363636,0.018507028814012342,0.03779815739568017,False,accuracy,wilcoxon,holm
50,centralized,hfl_static,10,1.0,0.00390625,0.022600719629426835,0.9636363636363636,0.013553440540202888,0.03326621606440006,False,accuracy,wilcoxon,holm
100,centralized,hfl_no_selection,10,1.0,0.00390625,0.017231564974847326,0.9636363636363636,0.009711943035547139,0.02504713071351613,False,accuracy,wilcoxon,holm
50,hfl_static,mozaffari2016,10,1.0,0.00390625,-0.013155939034315677,-0.9636363636363636,-0.022079930941482254,-0.006131729129808444,False,accuracy,wilcoxon,holm
200,flat_fl,oort,10,1.0,0.00390625,0.01062991962673423,0.9636363636363636,0.006281722957021747,0.014862974190030109,False,accuracy,wilcoxon,holm
100,hfl_static,oort,10,1.0,0.00390625,0.011402469730299614,0.9636363636363636,0.006342411658874553,0.01588921507300858,False,accuracy,wilcoxon,holm
200,hfl_no_selection,proposed_hfl,10,1.0,0.00390625,-0.010164984190646476,-0.9636363636363636,-0.014444652034554431,-0.00593716024029703,False,accuracy,wilcoxon,holm
200,hfl_no_selection,hfl_static,10,1.0,0.00390625,-0.011959563758278158,-0.9636363636363636,-0.016381701740471353,-0.00727687596487077,False,accuracy,wilcoxon,holm
200,fedcs,hfl_no_reputation,10,1.0,0.00390625,-0.018330182503729087,-0.9636363636363636,-0.02626773213349939,-0.010164556204688969,False,accuracy,wilcoxon,holm
200,flat_fl,rep_cap,10,1.0,0.00390625,0.013697519974319627,0.9636363636363636,0.009219763465735895,0.017804311065606104,False,accuracy,wilcoxon,holm
200,fedcs,oort,10,1.0,0.00390625,-0.01697101018004409,-0.9636363636363636,-0.023813613997055984,-0.009450131145742358,False,accuracy,wilcoxon,holm
200,fedcs,hfl_static,10,1.0,0.00390625,-0.024260913635731195,-0.9636363636363636,-0.03235535413170633,-0.015265447234193553,False,accuracy,wilcoxon,holm
200,alzenad2017,fedcs,10,1.0,0.00390625,0.026010267800832043,0.9636363636363636,0.015832124597751497,0.034797859809212114,False,accuracy,wilcoxon,holm
100,power_of_choice,proposed_hfl,10,1.0,0.00390625,-0.01681190900449232,-0.9636363636363636,-0.02358052268019062,-0.009223583445270356,False,accuracy,wilcoxon,holm
100,alzenad2017,rep_cap,10,1.0,0.00390625,0.012625653463661967,0.9636363636363636,0.007619098931646545,0.017648460444355887,False,accuracy,wilcoxon,holm
100,alzenad2017,centralized,10,1.0,0.00390625,-0.01235193788969514,-0.9636363636363636,-0.016683868118021493,-0.007674779462369208,False,accuracy,wilcoxon,holm
200,fedcs,mozaffari2016,10,1.0,0.00390625,-0.018017672628258884,-0.9636363636363636,-0.026097875269282908,-0.01028946879425722,False,accuracy,wilcoxon,holm
100,fedcs,power_of_choice,10,1.0,0.00390625,0.016099108081564572,0.9636363636363636,0.010229374777860933,0.022176009419517036,False,accuracy,wilcoxon,holm
200,fedcs,power_of_choice,10,1.0,0.00390625,-0.015790461823248902,-0.9636363636363636,-0.0218900369180908,-0.009829579692861279,False,accuracy,wilcoxon,holm
200,fair_mab,flat_fl,10,2.0,0.005859375,-0.0066181142054867696,-0.9272727272727272,-0.011236377020230583,-0.0026295294208104345,False,accuracy,wilcoxon,holm
30,centralized,hfl_no_selection,10,2.0,0.005859375,0.019633179409288225,0.9272727272727272,0.007824175564156682,0.0337303055480373,False,accuracy,wilcoxon,holm
30,centralized,hfl_static,10,2.0,0.005859375,0.019989299911714463,0.9272727272727272,0.010211189725411102,0.030080004028194704,False,accuracy,wilcoxon,holm
200,fair_mab,fedcs,10,2.0,0.005859375,0.02098281560129155,0.9272727272727272,0.01125870509438633,0.029069374092906195,False,accuracy,wilcoxon,holm
50,centralized,hfl_no_reputation,10,2.0,0.005859375,0.012048753460074979,0.9272727272727272,0.00688051187536647,0.0164033064004056,False,accuracy,wilcoxon,holm
100,fedcs,flat_fl,10,3.0,0.009765625,0.010416911344250702,0.8909090909090909,0.004736953754714436,0.01621547047981855,False,accuracy,wilcoxon,holm
100,fair_mab,proposed_hfl,10,3.0,0.009765625,-0.012671248005160396,-0.8909090909090909,-0.019905752117605452,-0.005768579374319159,False,accuracy,wilcoxon,holm
200,flat_fl,hfl_no_reputation,10,3.0,0.009765625,0.00927074730304923,0.8909090909090909,0.004788763296545393,0.013612475207715921,False,accuracy,wilcoxon,holm
100,hfl_no_reputation,power_of_choice,10,3.0,0.009765625,0.010870255854147947,0.8909090909090909,0.00434729798267819,0.018376840473672967,False,accuracy,wilcoxon,holm
200,hfl_static,power_of_choice,10,3.0,0.009765625,0.008470451812482294,0.8909090909090909,0.004642751699705331,0.011705455608082536,False,accuracy,wilcoxon,holm
50,mozaffari2016,power_of_choice,10,3.0,0.009765625,0.018774632080547506,0.8909090909090909,0.007809707500702649,0.03029662357317134,False,accuracy,wilcoxon,holm
50,oort,power_of_choice,10,3.0,0.009765625,0.014900840344398914,0.8909090909090909,0.007265978990007067,0.021629938707801947,False,accuracy,wilcoxon,holm
100,alzenad2017,flat_fl,10,3.0,0.009765625,0.011290114887547397,0.8909090909090909,0.005977976323133089,0.016155019303917648,False,accuracy,wilcoxon,holm
200,alzenad2017,power_of_choice,10,3.0,0.009765625,0.010219805977583141,0.8909090909090909,0.004952119190762981,0.015143768229326093,False,accuracy,wilcoxon,holm
100,mozaffari2016,oort,10,3.0,0.009765625,0.013402239164201347,0.8909090909090909,0.006967158333014732,0.019516202508209384,False,accuracy,wilcoxon,holm
200,hfl_static,rep_cap,10,3.0,0.009765625,0.010357503803272505,0.8909090909090909,0.005074736007478278,0.015901038283431843,False,accuracy,wilcoxon,holm
50,flat_fl,mozaffari2016,10,3.0,0.009765625,-0.013096170411222362,-0.8909090909090909,-0.020007212758159646,-0.006943358336537946,False,accuracy,wilcoxon,holm
100,fedcs,rep_cap,10,3.0,0.009765625,0.011752449920365272,0.8909090909090909,0.006633210452619304,0.016866979781329918,False,accuracy,wilcoxon,holm
100,proposed_hfl,rep_cap,10,4.0,0.013671875,0.01246525084329302,0.8545454545454545,0.005836539006587581,0.01867276459219303,False,accuracy,wilcoxon,holm
50,centralized,hfl_no_selection,10,4.0,0.013671875,0.025712604605733456,0.8545454545454545,0.011390274337928927,0.039404909799665135,False,accuracy,wilcoxon,holm
200,flat_fl,mozaffari2016,10,4.0,0.013671875,0.009583257178519433,0.8545454545454545,0.004505345601047648,0.013526592813935942,False,accuracy,wilcoxon,holm
50,hfl_no_reputation,power_of_choice,10,4.0,0.013671875,0.016170659215583683,0.8545454545454545,0.007276379866826537,0.025151188350680993,False,accuracy,wilcoxon,holm
200,hfl_static,oort,10,4.0,0.013671875,0.007289903455687108,0.8545454545454545,0.002967366335110438,0.011480691976679587,False,accuracy,wilcoxon,holm
200,flat_fl,proposed_hfl,10,4.0,0.013671875,0.005134595738678804,0.8545454545454545,0.002341557739212389,0.007800624064791558,False,accuracy,wilcoxon,holm
200,fedcs,rep_cap,10,4.0,0.013671875,-0.01390340983245869,-0.8545454545454545,-0.021218164381759438,-0.006163112087371901,False,accuracy,wilcoxon,holm
30,centralized,proposed_hfl,10,4.0,0.013671875,0.010192357163726806,0.8545454545454545,0.004167614075365489,0.01718363006340759,False,accuracy,wilcoxon,holm
100,hfl_no_selection,oort,10,4.0,0.013671875,0.013662984568255099,0.8545454545454545,0.0063268284751418135,0.020149172595919775,False,accuracy,wilcoxon,holm
100,mozaffari2016,rep_cap,10,5.0,0.01953125,0.007485280974456032,0.8181818181818182,0.002726817615819659,0.01232122682926222,False,accuracy,wilcoxon,holm
50,power_of_choice,rep_cap,10,5.0,0.01953125,-0.01741599243861528,-0.8181818181818182,-0.029424296990136847,-0.005544562487917446,False,accuracy,wilcoxon,holm
50,fedcs,oort,10,5.0,0.01953125,0.011955952348026688,0.8181818181818182,0.004043386970257229,0.019189089806770282,False,accuracy,wilcoxon,holm
50,centralized,fair_mab,10,5.0,0.01953125,0.016480374089863713,0.8181818181818182,0.006055541602526775,0.027032803669235612,False,accuracy,wilcoxon,holm
30,alzenad2017,centralized,10,5.0,0.01953125,-0.011526025290946106,-0.8181818181818182,-0.017198494363363247,-0.005453373720520604,False,accuracy,wilcoxon,holm
50,power_of_choice,proposed_hfl,10,5.0,0.01953125,-0.016070947749253873,-0.8181818181818182,-0.02386635049287475,-0.006373402535250096,False,accuracy,wilcoxon,holm
200,alzenad2017,rep_cap,10,5.0,0.01953125,0.012106857968373352,0.8181818181818182,0.004748945070175609,0.019035883537448704,False,accuracy,wilcoxon,holm
100,fair_mab,oort,10,6.0,0.02734375,0.005710961027877937,0.7818181818181819,0.001487533211941655,0.00950145781375247,False,accuracy,wilcoxon,holm
100,fair_mab,hfl_no_reputation,10,6.0,0.02734375,-0.006729594854816024,-0.7818181818181819,-0.010681158177380997,-0.0019783337197478157,False,accuracy,wilcoxon,holm
200,fair_mab,hfl_no_selection,10,6.0,0.02734375,0.008681465723838511,0.7818181818181819,0.0032826112884275904,0.01429563043320825,False,accuracy,wilcoxon,holm
200,fedcs,hfl_no_selection,10,6.0,0.02734375,-0.012301349877453039,-0.7818181818181819,-0.019788516622311392,-0.0043257526615108,False,accuracy,wilcoxon,holm
50,hfl_no_selection,mozaffari2016,10,7.0,0.037109375,-0.016267824010622302,-0.7454545454545455,-0.029163228905584582,-0.0029740239195503236,False,accuracy,wilcoxon,holm
200,proposed_hfl,rep_cap,10,7.0,0.037109375,0.008562924235640822,0.7454545454545455,0.0023893720773931104,0.01463324559968162,False,accuracy,wilcoxon,holm
100,mozaffari2016,power_of_choice,10,7.0,0.037109375,0.011831939135655334,0.7454545454545455,0.003355898116883765,0.02079077730480114,False,accuracy,wilcoxon,holm
50,centralized,oort,10,7.0,0.037109375,0.013318572331259748,0.7454545454545455,0.0035854708666458713,0.024297800931267575,False,accuracy,wilcoxon,holm
100,flat_fl,proposed_hfl,10,7.0,0.037109375,-0.01112971226717845,-0.7454545454545455,-0.019144138126237213,-0.002955332312431274,False,accuracy,wilcoxon,holm
100,flat_fl,oort,10,7.0,0.037109375,0.007252496765859884,0.7454545454545455,0.0021432950753645817,0.012859107003992364,False,accuracy,wilcoxon,holm
30,hfl_static,oort,10,7.0,0.037109375,-0.016471985643461872,-0.7454545454545455,-0.03032717351157974,-0.003546967544757086,False,accuracy,wilcoxon,holm
50,fedcs,hfl_no_selection,10,7.0,0.037109375,0.024349984622500397,0.7454545454545455,0.004862312992162208,0.043091979961307016,False,accuracy,wilcoxon,holm
200,fair_mab,rep_cap,10,8.0,0.048828125,0.007079405768832858,0.7090909090909091,0.0018989842640155987,0.012327676920983677,False,accuracy,wilcoxon,holm
100,fair_mab,hfl_static,10,8.0,0.048828125,-0.005691508702421677,-0.7090909090909091,-0.011783675506704816,0.0008804130525101172,False,accuracy,wilcoxon,holm
30,centralized,fedcs,10,8.0,0.048828125,0.01401408073426531,0.7090909090909091,0.0023078641996295813,0.026275741320290286,False,accuracy,wilcoxon,holm
50,fedcs,flat_fl,10,8.0,0.048828125,0.02117833102310046,0.7090909090909091,0.0067133422935166335,0.036302973368402325,False,accuracy,wilcoxon,holm
30,centralized,hfl_no_reputation,10,8.0,0.048828125,0.008452483968655056,0.7090909090909091,0.0019241295749535525,0.016060828120864155,False,accuracy,wilcoxon,holm
50,alzenad2017,fedcs,10,8.0,0.048828125,-0.015880651485582688,-0.7090909090909091,-0.030650358254601856,-0.0030687504544599023,False,accuracy,wilcoxon,holm
50,fedcs,hfl_static,10,8.0,0.048828125,0.021238099646193775,0.7090909090909091,0.004695283532497956,0.0390695510827783,False,accuracy,wilcoxon,holm
100,hfl_no_selection,power_of_choice,10,8.0,0.048828125,0.012092684539709086,0.7090909090909091,0.003226643522280324,0.020733125265349633,False,accuracy,wilcoxon,holm
100,hfl_static,proposed_hfl,10,8.0,0.048828125,-0.006979739302738719,-0.7090909090909091,-0.012806626580875004,-0.0010763794397562099,False,accuracy,wilcoxon,holm
200,alzenad2017,oort,10,8.0,0.048828125,0.009039257620787954,0.7090909090909091,0.0022695205096386296,0.01524657057977976,False,accuracy,wilcoxon,holm
30,hfl_no_reputation,hfl_static,10,9.0,0.064453125,0.011536815943059409,0.6727272727272727,0.0010666612035475339,0.022582501991851824,False,accuracy,wilcoxon,holm
100,alzenad2017,hfl_no_reputation,10,9.0,0.064453125,0.006102055770713322,0.6727272727272727,3.27538094757254e-05,0.011876990503242105,False,accuracy,wilcoxon,holm
200,mozaffari2016,rep_cap,10,9.0,0.064453125,0.0041142627958001944,0.6727272727272727,0.0003763097759366709,0.007941720245975592,False,accuracy,wilcoxon,holm
100,hfl_static,power_of_choice,10,9.0,0.064453125,0.009832169701753601,0.6727272727272727,0.0012798025088847237,0.018121064156399434,False,accuracy,wilcoxon,holm
50,hfl_static,proposed_hfl,10,9.0,0.064453125,-0.010452254703022046,-0.6727272727272727,-0.023046439113872066,0.002877198437122952,False,accuracy,wilcoxon,holm
100,flat_fl,mozaffari2016,10,9.0,0.064453125,-0.006149742398341462,-0.6727272727272727,-0.011270491223539009,-0.0006924263911951836,False,accuracy,wilcoxon,holm
200,hfl_no_reputation,hfl_static,10,9.0,0.064453125,-0.00593073113200211,-0.6727272727272727,-0.011494092704018553,-0.0010923393183075592,False,accuracy,wilcoxon,holm
100,hfl_no_reputation,rep_cap,10,9.0,0.064453125,0.006523597692948646,0.6727272727272727,0.0010563521585970736,0.012353724389599644,False,accuracy,wilcoxon,holm
50,flat_fl,proposed_hfl,10,9.0,0.064453125,-0.010392486079928731,-0.6727272727272727,-0.02070463630358633,-0.00010831071920294832,False,accuracy,wilcoxon,holm
30,flat_fl,hfl_static,10,10.0,0.083984375,0.015139003725138222,0.6363636363636364,0.0035103376759010076,0.027162543402827272,False,accuracy,wilcoxon,holm
100,fair_mab,mozaffari2016,10,10.0,0.083984375,-0.007691278136323409,-0.6363636363636364,-0.014405764646619478,-0.0013174833417737173,False,accuracy,wilcoxon,holm
50,centralized,rep_cap,10,10.0,0.083984375,0.010803420237043383,0.6363636363636364,0.000951646283943749,0.020328046270233203,False,accuracy,wilcoxon,holm
200,alzenad2017,mozaffari2016,10,10.0,0.083984375,0.007992595172573159,0.6363636363636364,0.0011343606387509621,0.014575640503622478,False,accuracy,wilcoxon,holm
50,alzenad2017,mozaffari2016,10,10.0,0.083984375,-0.007798490873704589,-0.6363636363636364,-0.014249372863918664,-0.001809626355088376,False,accuracy,wilcoxon,holm
200,fair_mab,power_of_choice,10,10.0,0.083984375,0.005192353778042646,0.6363636363636364,0.000343591462955359,0.008836363514067292,False,accuracy,wilcoxon,holm
200,alzenad2017,hfl_no_reputation,10,10.0,0.083984375,0.0076800852971029565,0.6363636363636364,0.0010167569049712684,0.014590374758224157,False,accuracy,wilcoxon,holm
200,hfl_static,mozaffari2016,10,11.0,0.10546875,0.006243241007472311,0.6,0.0003780402026941707,0.011713527071356809,False,accuracy,wilcoxon,holm
200,alzenad2017,fair_mab,10,11.0,0.10546875,0.005027452199540494,0.6,-0.0003303183699981387,0.00983244387484593,False,accuracy,wilcoxon,holm
50,alzenad2017,power_of_choice,10,11.0,0.10546875,0.010976141206842916,0.6,-0.003201220952013512,0.023970431550662585,False,accuracy,wilcoxon,holm
100,alzenad2017,hfl_static,10,11.0,0.10546875,0.007140141923107668,0.6,0.0003614137989781314,0.01448872460804475,False,accuracy,wilcoxon,holm
30,fair_mab,hfl_static,10,11.0,0.10546875,0.017223893788077073,0.6,0.0035667778274235287,0.030923146784464117,False,accuracy,wilcoxon,holm
50,hfl_no_reputation,hfl_static,10,11.0,0.10546875,0.010551966169351857,0.6,0.000957880914239365,0.020998640652765854,False,accuracy,wilcoxon,holm
100,fair_mab,hfl_no_selection,10,11.0,0.10546875,-0.007952023540377162,-0.6,-0.015503901172512123,-0.00067834315399412,False,accuracy,wilcoxon,holm
100,flat_fl,hfl_no_reputation,10,11.0,0.10546875,-0.005188059116834076,-0.6,-0.010744311649069364,0.00035926375737027583,False,accuracy,wilcoxon,holm
30,flat_fl,mozaffari2016,10,11.0,0.10546875,0.009194040161265682,0.6,-0.0006526648473606549,0.01921468741711184,False,accuracy,wilcoxon,holm
50,fedcs,hfl_no_reputation,10,12.0,0.130859375,0.010686133476841919,0.5636363636363636,0.0009340518176843639,0.020838161629340355,False,accuracy,wilcoxon,holm
30,hfl_no_selection,proposed_hfl,10,12.0,0.130859375,-0.00944082224556142,-0.5636363636363636,-0.019919412939598664,0.0011613182518616448,False,accuracy,wilcoxon,holm
30,fair_mab,hfl_no_selection,10,12.0,0.130859375,0.016867773285650832,0.5636363636363636,-0.0014182105285488094,0.03751351775553826,False,accuracy,wilcoxon,holm
50,fedcs,proposed_hfl,10,12.0,0.130859375,0.01078584494317173,0.5636363636363636,0.0009388027837532628,0.022076362499818362,False,accuracy,wilcoxon,holm
200,hfl_no_reputation,hfl_no_selection,10,12.0,0.130859375,0.006028832626276048,0.5636363636363636,-0.0009041349799623691,0.012749386487809785,False,accuracy,wilcoxon,holm
50,hfl_no_reputation,hfl_no_selection,10,12.0,0.130859375,0.01366385114565848,0.5636363636363636,-0.00023429090910693514,0.027121237610514506,False,accuracy,wilcoxon,holm
200,flat_fl,hfl_static,10,12.0,0.130859375,0.003340016171047122,0.5636363636363636,-6.726203623057202e-05,0.006943218888248738,False,accuracy,wilcoxon,holm
200,oort,proposed_hfl,10,12.0,0.130859375,-0.005495323888055426,-0.5636363636363636,-0.011098009253812038,0.00032031547145028837,False,accuracy,wilcoxon,holm
100,oort,rep_cap,10,12.0,0.130859375,-0.005916958189745314,-0.5636363636363636,-0.011890074327588991,0.00018868048804741104,False,accuracy,wilcoxon,holm
30,fedcs,oort,10,13.0,0.16015625,-0.010496766466012719,-0.5272727272727272,-0.021722148453054483,0.002800154345364425,False,accuracy,wilcoxon,holm
100,flat_fl,power_of_choice,10,13.0,0.16015625,0.005682196737313872,0.5272727272727272,-0.0002782297647322212,0.011938281623168814,False,accuracy,wilcoxon,holm
50,flat_fl,hfl_no_reputation,10,13.0,0.16015625,-0.010492197546258542,-0.5272727272727272,-0.020939598011327526,-0.0009207326578023466,False,accuracy,wilcoxon,holm
30,alzenad2017,hfl_static,10,13.0,0.16015625,0.008463274620768357,0.5272727272727272,0.0006054716607805932,0.016729325130683644,False,accuracy,wilcoxon,holm
30,fair_mab,fedcs,10,13.0,0.16015625,0.011248674610627918,0.5272727272727272,-0.0002444093106529957,0.022214840417718696,False,accuracy,wilcoxon,holm
30,hfl_no_selection,oort,10,13.0,0.16015625,-0.016115865141035635,-0.5272727272727272,-0.035565804892983485,0.0022611285088472255,False,accuracy,wilcoxon,holm
200,hfl_no_reputation,rep_cap,10,13.0,0.16015625,0.004426772671270396,0.5272727272727272,-0.0008833976756301448,0.009539413294463268,False,accuracy,wilcoxon,holm
200,fair_mab,oort,10,13.0,0.16015625,0.004011805421247461,0.5272727272727272,-9.955493001755356e-05,0.008430821516192765,False,accuracy,wilcoxon,holm
200,hfl_no_selection,mozaffari2016,10,13.0,0.16015625,-0.0057163227508058466,-0.5272727272727272,-0.012622152409341626,0.0013719078297075116,False,accuracy,wilcoxon,holm
50,fair_mab,fedcs,10,13.0,0.16015625,-0.015117754106630655,-0.5272727272727272,-0.03077260008804989,-0.00039910877922423794,False,accuracy,wilcoxon,holm
50,alzenad2017,flat_fl,10,13.0,0.16015625,0.005297679537517775,0.5272727272727272,-0.0013500302555754624,0.011282389914305104,False,accuracy,wilcoxon,holm
100,hfl_no_selection,rep_cap,10,13.0,0.16015625,0.007746026378509785,0.5272727272727272,-0.0002661414530565565,0.01597271123619096,False,accuracy,wilcoxon,holm
200,mozaffari2016,proposed_hfl,10,14.0,0.193359375,-0.004448661439840629,-0.4909090909090909,-0.009342881050243853,0.0008579782643962863,False,accuracy,wilcoxon,holm
100,fedcs,hfl_static,10,14.0,0.193359375,0.006266938379810971,0.4909090909090909,-0.0002554720390820448,0.013038954937213475,False,accuracy,wilcoxon,holm
100,flat_fl,hfl_no_selection,10,14.0,0.193359375,-0.006410487802395215,-0.4909090909090909,-0.013696557361590608,0.0015572493251836187,False,accuracy,wilcoxon,holm
50,fair_mab,power_of_choice,10,14.0,0.193359375,0.011739038585794948,0.4909090909090909,-0.0024734303186066176,0.025514279913748893,False,accuracy,wilcoxon,holm
30,hfl_no_reputation,hfl_no_selection,10,14.0,0.193359375,0.01118069544063317,0.4909090909090909,0.0005585204687354492,0.023795133819865505,False,accuracy,wilcoxon,holm
50,hfl_no_selection,proposed_hfl,10,14.0,0.193359375,-0.013564139679328669,-0.4909090909090909,-0.029534516019303386,0.0036737816799561206,False,accuracy,wilcoxon,holm
200,hfl_no_reputation,proposed_hfl,10,14.0,0.193359375,-0.004136151564370427,-0.4909090909090909,-0.009781984015262197,0.0013264624252263084,False,accuracy,wilcoxon,holm
100,alzenad2017,mozaffari2016,10,15.0,0.232421875,0.005140372489205935,0.45454545454545453,-0.0007869106999477737,0.011285431982310804,False,accuracy,wilcoxon,holm
50,flat_fl,oort,10,15.0,0.232421875,-0.009222378675073773,-0.45454545454545453,-0.021089656250942578,0.0019043707493811475,False,accuracy,wilcoxon,holm
30,flat_fl,hfl_no_selection,10,15.0,0.232421875,0.014782883222711984,0.45454545454545453,0.0009475350387303613,0.031238612677477583,False,accuracy,wilcoxon,holm
30,mozaffari2016,oort,10,15.0,0.232421875,-0.010527022079589332,-0.45454545454545453,-0.02466005834812533,0.004449546069125788,False,accuracy,wilcoxon,holm
200,fair_mab,hfl_static,10,15.0,0.232421875,-0.003278098034439647,-0.45454545454545453,-0.007377393238024566,0.0010798654291130044,False,accuracy,wilcoxon,holm
50,alzenad2017,proposed_hfl,10,15.0,0.232421875,-0.005094806542410957,-0.45454545454545453,-0.013146887812981064,0.0042767501938902695,False,accuracy,wilcoxon,holm
100,hfl_static,rep_cap,10,15.0,0.232421875,0.0054855115405542994,0.45454545454545453,-0.0008961501452611715,0.012084408210737401,False,accuracy,wilcoxon,holm
200,hfl_no_selection,oort,10,15.0,0.232421875,-0.00466966030259105,-0.45454545454545453,-0.010253015418763008,0.0004111657408100689,False,accuracy,wilcoxon,holm
50,hfl_no_selection,oort,10,15.0,0.232421875,-0.01239403227447371,-0.45454545454545453,-0.029034708791022358,0.0035581123101487955,False,accuracy,wilcoxon,holm
50,hfl_no_selection,rep_cap,10,15.0,0.232421875,-0.014909184368690076,-0.45454545454545453,-0.03493847236159532,0.005126502972708243,False,accuracy,wilcoxon,holm
50,fair_mab,flat_fl,10,15.0,0.232421875,0.006060576916469806,0.45454545454545453,-0.0007194646188121898,0.013102448040301425,False,accuracy,wilcoxon,holm
30,hfl_no_reputation,mozaffari2016,10,15.0,0.232421875,0.005591852379186868,0.45454545454545453,-0.0046450029017464966,0.01467699713028395,False,accuracy,wilcoxon,holm
200,oort,rep_cap,10,15.0,0.232421875,0.0030676003475853973,0.45454545454545453,-0.0024874855107167174,0.008726333975041686,False,accuracy,wilcoxon,holm
30,alzenad2017,fair_mab,10,15.0,0.232421875,-0.008760619167308714,-0.45454545454545453,-0.021678524897305356,0.0046865718672664545,False,accuracy,wilcoxon,holm
200,hfl_no_selection,power_of_choice,10,15.0,0.232421875,-0.003489111945795864,-0.45454545454545453,-0.007924032715756797,0.001397008925245097,False,accuracy,wilcoxon,holm
30,fair_mab,mozaffari2016,10,16.0,0.275390625,0.011278930224204531,0.41818181818181815,-0.005812278640387432,0.02679499338281357,False,accuracy,wilcoxon,holm
50,flat_fl,rep_cap,10,16.0,0.275390625,-0.011737530769290138,-0.41818181818181815,-0.026477234369593757,0.0021378544119305285,False,accuracy,wilcoxon,holm
30,centralized,power_of_choice,10,16.0,0.275390625,0.009544109587412464,0.41818181818181815,-0.0062016695003343164,0.024067266844354476,False,accuracy,wilcoxon,holm
50,fair_mab,mozaffari2016,10,16.0,0.275390625,-0.007035593494752556,-0.41818181818181815,-0.0158533681542743,0.0014447596751311182,False,accuracy,wilcoxon,holm
30,alzenad2017,flat_fl,10,16.0,0.275390625,-0.006675729104369865,-0.41818181818181815,-0.01631432252543227,0.002927457830044573,False,accuracy,wilcoxon,holm
30,hfl_static,mozaffari2016,10,16.0,0.275390625,-0.005944963563872541,-0.41818181818181815,-0.015767174437806217,0.002202413739818031,False,accuracy,wilcoxon,holm
100,fedcs,hfl_no_reputation,10,16.0,0.275390625,0.005228852227416625,0.41818181818181815,-0.0010366052221748316,0.011627017215906907,False,accuracy,wilcoxon,holm
30,fedcs,flat_fl,10,16.0,0.275390625,-0.009163784547689069,-0.41818181818181815,-0.02181250168292533,0.0024859383598700865,False,accuracy,wilcoxon,holm
50,fedcs,mozaffari2016,10,16.0,0.275390625,0.008082160611878098,0.41818181818181815,-0.003071780533294629,0.01923711177533969,False,accuracy,wilcoxon,holm
100,fedcs,mozaffari2016,10,16.0,0.275390625,0.004267168945909239,0.41818181818181815,-0.0021715808411363786,0.010644535882675861,False,accuracy,wilcoxon,holm
50,fedcs,rep_cap,10,16.0,0.275390625,0.009440800253810323,0.41818181818181815,-0.005278163856866646,0.023899288572159606,False,accuracy,wilcoxon,holm
50,hfl_static,rep_cap,10,16.0,0.275390625,-0.011797299392383453,-0.41818181818181815,-0.02809924222233178,0.004684681017511356,False,accuracy,wilcoxon,holm
30,alzenad2017,oort,10,16.0,0.275390625,-0.008008711022693515,-0.41818181818181815,-0.021502919296995635,0.006361106299159579,False,accuracy,wilcoxon,holm
200,alzenad2017,proposed_hfl,10,16.0,0.275390625,0.003543933732732529,0.41818181818181815,-0.0012793317126829015,0.008458618602161313,False,accuracy,wilcoxon,holm
50,hfl_static,oort,10,16.0,0.275390625,-0.009282147298167088,-0.41818181818181815,-0.025472137755732985,0.005633636424737698,False,accuracy,wilcoxon,holm
100,flat_fl,hfl_static,10,17.0,0.322265625,-0.0041499729644397295,-0.38181818181818183,-0.010738696802062206,0.0038023260620610897,False,accuracy,wilcoxon,holm
30,hfl_static,proposed_hfl,10,17.0,0.322265625,-0.009796942747987657,-0.38181818181818183,-0.022269219935898386,0.00247902079457044,False,accuracy,wilcoxon,holm
200,power_of_choice,rep_cap,10,17.0,0.322265625,0.0018870519907902116,0.38181818181818183,-0.0025713995626488262,0.006051524896761646,False,accuracy,wilcoxon,holm
200,hfl_static,proposed_hfl,10,17.0,0.322265625,0.0017945795676316822,0.38181818181818183,-0.0033386685264417443,0.006057673962387015,False,accuracy,wilcoxon,holm
30,flat_fl,power_of_choice,10,17.0,0.322265625,0.004693813400836222,0.38181818181818183,-0.008375596916707261,0.01586796081584298,False,accuracy,wilcoxon,holm
30,alzenad2017,hfl_no_reputation,10,17.0,0.322265625,-0.0030735413222910514,-0.38181818181818183,-0.009259767957482339,0.003776923723183157,False,accuracy,wilcoxon,holm
50,alzenad2017,hfl_no_selection,10,17.0,0.322265625,0.008469333136917712,0.38181818181818183,-0.007037970324716258,0.023955785908793072,False,accuracy,wilcoxon,holm
50,fair_mab,hfl_static,10,17.0,0.322265625,0.006120345539563121,0.38181818181818183,-0.007153989573037289,0.01827483579146492,False,accuracy,wilcoxon,holm
100,hfl_no_reputation,proposed_hfl,10,17.0,0.322265625,-0.005941653150344372,-0.38181818181818183,-0.013858290792900107,0.0016079168360068404,False,accuracy,wilcoxon,holm
200,hfl_no_reputation,power_of_choice,10,17.0,0.322265625,0.002539720680480184,0.38181818181818183,-0.0023554169369160148,0.007030527118399978,False,accuracy,wilcoxon,holm
30,alzenad2017,proposed_hfl,10,18.0,0.375,-0.0013336681272193007,-0.34545454545454546,-0.010045869025018184,0.009208568163250708,False,accuracy,wilcoxon,holm
100,mozaffari2016,proposed_hfl,10,18.0,0.375,-0.004979969868836987,-0.34545454545454546,-0.012939393807644885,0.0020111674098858058,False,accuracy,wilcoxon,holm
30,centralized,rep_cap,10,18.0,0.375,0.010567491219592495,0.34545454545454546,-0.006646269817783654,0.03013296100880427,False,accuracy,wilcoxon,holm
100,fair_mab,power_of_choice,10,18.0,0.375,0.0041406609993319245,0.34545454545454546,-0.0012165307819425933,0.010203822698001621,False,accuracy,wilcoxon,holm
200,fair_mab,mozaffari2016,10,18.0,0.375,0.002965142973032664,0.34545454545454546,-0.0026451648041269336,0.007823348332377857,False,accuracy,wilcoxon,holm
30,fedcs,hfl_no_reputation,10,18.0,0.375,-0.005561596765610255,-0.34545454545454546,-0.01835138015968065,0.006361075740661231,False,accuracy,wilcoxon,holm
30,hfl_static,rep_cap,10,18.0,0.375,-0.00942180869212197,-0.34545454545454546,-0.031273317877754045,0.011415661812101971,False,accuracy,wilcoxon,holm
200,alzenad2017,hfl_static,10,18.0,0.375,0.0017493541651008471,0.34545454545454546,-0.002200327024580768,0.0055479513973609165,False,accuracy,wilcoxon,holm
100,alzenad2017,hfl_no_selection,10,18.0,0.375,0.004879627085152183,0.34545454545454546,-0.0037105118052427853,0.013103674726789902,False,accuracy,wilcoxon,holm
100,hfl_static,mozaffari2016,10,19.0,0.431640625,-0.0019997694339017325,-0.3090909090909091,-0.006327341371181594,0.0029986881105347253,False,accuracy,wilcoxon,holm
50,hfl_static,power_of_choice,10,19.0,0.431640625,0.005618693046231827,0.3090909090909091,-0.012174828615482887,0.022852916161491793,False,accuracy,wilcoxon,holm
200,fair_mab,proposed_hfl,10,19.0,0.431640625,-0.0014835184668079648,-0.3090909090909091,-0.0057314564147690795,0.002951518544445519,False,accuracy,wilcoxon,holm
30,fair_mab,proposed_hfl,10,19.0,0.431640625,0.007426951040089414,0.3090909090909091,-0.008742170580366812,0.023987148009267416,False,accuracy,wilcoxon,holm
100,oort,power_of_choice,10,19.0,0.431640625,-0.0015703000285460123,-0.3090909090909091,-0.006063678619806026,0.0031925995454042963,False,accuracy,wilcoxon,holm
30,flat_fl,proposed_hfl,10,19.0,0.431640625,0.0053420609771505645,0.3090909090909091,-0.005360613952606776,0.01587898986827364,False,accuracy,wilcoxon,holm
50,alzenad2017,hfl_static,10,19.0,0.431640625,0.005357448160611089,0.3090909090909091,-0.00538784663642892,0.01812024344621283,False,accuracy,wilcoxon,holm
30,alzenad2017,hfl_no_selection,10,19.0,0.431640625,0.00810715411834212,0.3090909090909091,-0.006865044420571918,0.025933994451221007,False,accuracy,wilcoxon,holm
50,flat_fl,power_of_choice,10,19.0,0.431640625,0.005678461669325141,0.3090909090909091,-0.0076184780505071555,0.018987603826574585,False,accuracy,wilcoxon,holm
30,hfl_static,power_of_choice,10,19.0,0.431640625,-0.010445190324302,-0.3090909090909091,-0.030718581923363932,0.0067711834693189865,False,accuracy,wilcoxon,holm
30,hfl_no_selection,rep_cap,10,19.0,0.431640625,-0.00906568818969573,-0.3090909090909091,-0.03099776682318746,0.01317420538022722,False,accuracy,wilcoxon,holm
30,centralized,flat_fl,10,19.0,0.431640625,0.004850296186576242,0.3090909090909091,-0.0018234819211460926,0.01232711138036701,False,accuracy,wilcoxon,holm
50,fair_mab,rep_cap,10,20.0,0.4921875,-0.005676953852820332,-0.2727272727272727,-0.021680715612662174,0.01069389057552039,False,accuracy,wilcoxon,holm
200,fair_mab,hfl_no_reputation,10,20.0,0.4921875,0.002652633097562462,0.2727272727272727,-0.002670624594467375,0.00854487397466255,False,accuracy,wilcoxon,holm
30,fair_mab,power_of_choice,10,20.0,0.4921875,0.006778703463775071,0.2727272727272727,-0.011831239076887186,0.02523442539304985,False,accuracy,wilcoxon,holm
50,alzenad2017,rep_cap,10,20.0,0.4921875,-0.006439851231772364,-0.2727272727272727,-0.022206717218417275,0.009236955621155361,False,accuracy,wilcoxon,holm
30,hfl_no_selection,power_of_choice,10,20.0,0.4921875,-0.010089069821875763,-0.2727272727272727,-0.029208534550931507,0.00795543227152865,False,accuracy,wilcoxon,holm
100,hfl_no_selection,hfl_static,10,20.0,0.4921875,0.0022605148379554853,0.2727272727272727,-0.00458303735319467,0.008449101989741739,False,accuracy,wilcoxon,holm
30,fedcs,rep_cap,10,20.0,0.4921875,-0.0034465895146728156,-0.2727272727272727,-0.02153305982187303,0.016403464975928324,False,accuracy,wilcoxon,holm
30,oort,proposed_hfl,10,20.0,0.4921875,0.006675042895474215,0.2727272727272727,-0.009760202123601352,0.0229499558664613,False,accuracy,wilcoxon,holm
100,fedcs,hfl_no_selection,10,21.0,0.556640625,0.004006423541855486,0.23636363636363636,-0.004267175736905436,0.012915516898196373,False,accuracy,wilcoxon,holm
200,oort,power_of_choice,10,21.0,0.556640625,0.0011805483567951859,0.23636363636363636,-0.003050595428232454,0.005462935469685278,False,accuracy,wilcoxon,holm
30,mozaffari2016,proposed_hfl,10,21.0,0.556640625,-0.0038519791841151174,-0.23636363636363636,-0.011758955732806182,0.003664813610481113,False,accuracy,wilcoxon,holm
50,hfl_no_reputation,mozaffari2016,10,21.0,0.556640625,-0.0026039728649638215,-0.23636363636363636,-0.008494618877167485,0.0034004894464501876,False,accuracy,wilcoxon,holm
50,fair_mab,hfl_no_selection,10,21.0,0.556640625,0.009232230515869744,0.23636363636363636,-0.007849517866448448,0.026881595926162564,False,accuracy,wilcoxon,holm
30,fair_mab,hfl_no_reputation,10,21.0,0.556640625,0.005687077845017663,0.23636363636363636,-0.00885668731891174,0.01898984225476107,False,accuracy,wilcoxon,holm
50,fair_mab,hfl_no_reputation,10,21.0,0.556640625,-0.004431620629788735,-0.23636363636363636,-0.016492971359865244,0.007834693930013889,False,accuracy,wilcoxon,holm
30,fair_mab,rep_cap,10,21.0,0.556640625,0.007802085095955103,0.23636363636363636,-0.013287286950703673,0.029473488877333524,False,accuracy,wilcoxon,holm
100,power_of_choice,rep_cap,10,21.0,0.556640625,-0.004346658161199302,-0.23636363636363636,-0.013056057707176643,0.0037241357137357376,False,accuracy,wilcoxon,holm
100,hfl_no_selection,proposed_hfl,10,21.0,0.556640625,-0.004719224464783234,-0.23636363636363636,-0.013828272245045601,0.0033765364766475225,False,accuracy,wilcoxon,holm
50,alzenad2017,hfl_no_reputation,10,21.0,0.556640625,-0.005194518008740767,-0.23636363636363636,-0.016059473091666436,0.004987270241457583,False,accuracy,wilcoxon,holm
30,mozaffari2016,rep_cap,10,22.0,0.625,-0.0034768451282494285,-0.2,-0.023231102697764724,0.016494986377668663,False,accuracy,wilcoxon,holm
30,hfl_no_selection,mozaffari2016,10,22.0,0.625,-0.0055888430614463025,-0.2,-0.019731442283295597,0.007990321188756401,False,accuracy,wilcoxon,holm
30,fedcs,hfl_no_selection,10,22.0,0.625,0.0056190986750229155,0.2,-0.011914027747209085,0.02282979416953402,False,accuracy,wilcoxon,holm
50,fair_mab,proposed_hfl,10,22.0,0.625,-0.0043319091634589245,-0.2,-0.014889253131579289,0.005150623718676484,False,accuracy,wilcoxon,holm
30,hfl_no_reputation,oort,10,22.0,0.625,-0.004935169700402464,-0.2,-0.01760209038681396,0.009421202037859983,False,accuracy,wilcoxon,holm
30,flat_fl,rep_cap,10,22.0,0.625,0.005717195033016253,0.2,-0.009015833463900395,0.02055419762076355,False,accuracy,wilcoxon,holm
50,alzenad2017,oort,10,22.0,0.625,-0.003924699137555998,-0.2,-0.016771380442513584,0.007655880124459036,False,accuracy,wilcoxon,holm
50,hfl_no_selection,hfl_static,10,22.0,0.625,-0.0031118849763066224,-0.2,-0.015210086944155597,0.008712660404202354,False,accuracy,wilcoxon,holm
200,hfl_no_selection,rep_cap,10,23.0,0.6953125,-0.0016020599550056525,-0.16363636363636364,-0.008725130429355788,0.006503483046799803,False,accuracy,wilcoxon,holm
30,fair_mab,flat_fl,10,23.0,0.6953125,0.002084890062938849,0.16363636363636364,-0.011480543491461088,0.01514905734620984,False,accuracy,wilcoxon,holm
30,fedcs,power_of_choice,10,23.0,0.6953125,-0.004469971146852847,-0.16363636363636364,-0.018992721814985965,0.010020678297651174,False,accuracy,wilcoxon,holm
30,centralized,oort,10,23.0,0.6953125,0.0035173142682525917,0.16363636363636364,-0.007899746862846316,0.01555796812543253,False,accuracy,wilcoxon,holm
50,centralized,fedcs,10,23.0,0.6953125,0.0013626199832330599,0.16363636363636364,-0.009530173500980187,0.011356191538294471,False,accuracy,wilcoxon,holm
50,hfl_no_reputation,proposed_hfl,10,23.0,0.6953125,9.971146632981043e-05,-0.16363636363636364,-0.007155439838594426,0.008296645749426023,False,accuracy,wilcoxon,holm
200,alzenad2017,flat_fl,10,23.0,0.6953125,-0.001590662005946275,-0.16363636363636364,-0.006677725374385069,0.0035142515461588602,False,accuracy,wilcoxon,holm
200,mozaffari2016,oort,10,23.0,0.6953125,0.0010466624482147967,-0.16363636363636364,-0.004580325745926529,0.008555870748499356,False,accuracy,wilcoxon,holm
30,alzenad2017,mozaffari2016,10,24.0,0.76953125,0.0025183110568958167,0.12727272727272726,-0.005906453468630998,0.01153322066400411,False,accuracy,wilcoxon,holm
100,flat_fl,rep_cap,10,24.0,0.76953125,0.00133553857611457,0.12727272727272726,-0.0033250068255081798,0.005912555881510602,False,accuracy,wilcoxon,holm
100,alzenad2017,proposed_hfl,10,24.0,0.76953125,0.00016040262036894903,-0.12727272727272726,-0.006885237414585501,0.007913326423664113,False,accuracy,wilcoxon,holm
30,hfl_no_reputation,proposed_hfl,10,24.0,0.76953125,0.0017398731950717505,0.12727272727272726,-0.006967841324809768,0.010134562492182158,False,accuracy,wilcoxon,holm
50,mozaffari2016,oort,10,24.0,0.76953125,0.0038737917361485906,0.12727272727272726,-0.005369561419757486,0.013464297082709213,False,accuracy,wilcoxon,holm
50,flat_fl,hfl_no_selection,10,24.0,0.76953125,0.003171653599399937,0.12727272727272726,-0.010484760447334807,0.01772540987062799,False,accuracy,wilcoxon,holm
30,mozaffari2016,power_of_choice,10,24.0,0.76953125,-0.00450022676042946,0.12727272727272726,-0.023629073214280958,0.011421552083658368,False,accuracy,wilcoxon,holm
30,oort,rep_cap,10,24.0,0.76953125,0.007050176951339904,0.12727272727272726,-0.01571447175571499,0.030792705176059663,False,accuracy,wilcoxon,holm
100,fedcs,proposed_hfl,10,24.0,0.76953125,-0.0007128009229277477,-0.12727272727272726,-0.0065395174230785105,0.005106099534134066,False,accuracy,wilcoxon,holm
30,fedcs,mozaffari2016,10,24.0,0.76953125,3.0255613576612994e-05,0.12727272727272726,-0.016367464379496956,0.016511313925954625,False,accuracy,wilcoxon,holm
30,flat_fl,oort,10,25.0,0.845703125,-0.0013329819183236502,-0.09090909090909091,-0.013359508249747269,0.010745617681246995,False,accuracy,wilcoxon,holm
50,oort,rep_cap,10,25.0,0.845703125,-0.002515152094216366,0.09090909090909091,-0.01935281306910478,0.011910006294532871,False,accuracy,wilcoxon,holm
50,fair_mab,oort,10,25.0,0.845703125,-0.0031618017586039658,-0.09090909090909091,-0.016359226825285608,0.009776077064836365,False,accuracy,wilcoxon,holm
30,fair_mab,oort,10,25.0,0.845703125,0.0007519081446151987,0.09090909090909091,-0.009631552323888602,0.010468357754867411,False,accuracy,wilcoxon,holm
100,fair_mab,flat_fl,10,25.0,0.845703125,-0.0015415357379819472,-0.09090909090909091,-0.007287372656053693,0.004080702823675944,False,accuracy,wilcoxon,holm
100,hfl_no_reputation,hfl_no_selection,10,25.0,0.845703125,-0.001222428685561139,-0.09090909090909091,-0.008517600078971257,0.005269080495490019,False,accuracy,wilcoxon,holm
30,flat_fl,hfl_no_reputation,10,25.0,0.845703125,0.003602187782078814,0.09090909090909091,-0.007011886054199517,0.0158793301522031,False,accuracy,wilcoxon,holm
30,fedcs,proposed_hfl,10,25.0,0.845703125,-0.0038217235705385044,-0.09090909090909091,-0.018245833128834887,0.009368613772447697,False,accuracy,wilcoxon,holm
30,alzenad2017,rep_cap,10,25.0,0.845703125,-0.0009585340713536116,-0.09090909090909091,-0.019189938432337555,0.017995728060386407,False,accuracy,wilcoxon,holm
50,mozaffari2016,proposed_hfl,10,25.0,0.845703125,0.002703684331293632,0.09090909090909091,-0.0037065591753833132,0.011306824595298139,False,accuracy,wilcoxon,holm
30,oort,power_of_choice,10,25.0,0.845703125,0.006026795319159872,0.09090909090909091,-0.014246952530296102,0.025587021180454316,False,accuracy,wilcoxon,holm
30,alzenad2017,fedcs,10,25.0,0.845703125,0.0024880554433192037,0.09090909090909091,-0.01070607690182293,0.015617382309306163,False,accuracy,wilcoxon,holm
30,proposed_hfl,rep_cap,10,25.0,0.845703125,0.00037513405586568903,-0.09090909090909091,-0.018710358599667045,0.02205863610748495,False,accuracy,wilcoxon,holm
50,proposed_hfl,rep_cap,10,25.0,0.845703125,-0.0013450446893614077,-0.09090909090909091,-0.01228881570305733,0.009484241737657302,False,accuracy,wilcoxon,holm
30,centralized,fair_mab,10,25.0,0.845703125,0.0027654061236373926,0.09090909090909091,-0.008822339145745211,0.015392246965986843,False,accuracy,wilcoxon,holm
100,alzenad2017,fedcs,10,25.0,0.845703125,0.0008732035432966967,0.09090909090909091,-0.004665842449415201,0.0067428772968870536,False,accuracy,wilcoxon,holm
50,mozaffari2016,rep_cap,10,26.0,0.921875,0.0013586396419322244,0.05454545454545454,-0.011845660801200033,0.013931903473036628,False,accuracy,wilcoxon,holm
50,oort,proposed_hfl,10,26.0,0.921875,-0.0011701074048549587,0.05454545454545454,-0.011757505838746074,0.00848815214171769,False,accuracy,wilcoxon,holm
30,hfl_no_selection,hfl_static,10,26.0,0.921875,0.00035612050242623817,0.05454545454545454,-0.01732989352422249,0.017757654771011766,False,accuracy,wilcoxon,holm
50,hfl_no_reputation,rep_cap,10,26.0,0.921875,-0.0012453332230315973,-0.05454545454545454,-0.010449101503639128,0.007608537370494533,False,accuracy,wilcoxon,holm
50,flat_fl,hfl_static,10,26.0,0.921875,5.9768623093314766e-05,-0.05454545454545454,-0.011684233238628917,0.01316684991248847,False,accuracy,wilcoxon,holm
100,fair_mab,rep_cap,10,26.0,0.921875,-0.00020599716186737728,-0.05454545454545454,-0.005741086259252317,0.005281870061862663,False,accuracy,wilcoxon,holm
100,hfl_no_selection,mozaffari2016,10,26.0,0.921875,0.0002607454040537527,0.05454545454545454,-0.004939599671450231,0.00537594643723151,False,accuracy,wilcoxon,holm
200,mozaffari2016,power_of_choice,10,26.0,0.921875,0.0022272108050099826,0.05454545454545454,-0.0012633554624756694,0.006820042531575842,False,accuracy,wilcoxon,holm
100,hfl_no_reputation,mozaffari2016,10,26.0,0.921875,-0.0009616832815073862,0.05454545454545454,-0.008106818932651453,0.005697212404275553,False,accuracy,wilcoxon,holm
50,hfl_no_reputation,oort,10,26.0,0.921875,0.001269818871184769,0.05454545454545454,-0.008452692188762554,0.01161275996754046,False,accuracy,wilcoxon,holm
100,hfl_no_reputation,hfl_static,10,26.0,0.921875,0.0010380861523943464,0.05454545454545454,-0.005922535990966395,0.008155257760026527,False,accuracy,wilcoxon,holm
30,power_of_choice,rep_cap,10,26.0,0.921875,0.0010233816321800315,0.05454545454545454,-0.00718063189655614,0.009277545489311144,False,accuracy,wilcoxon,holm
200,hfl_no_reputation,mozaffari2016,10,27.0,1.0,0.0003125098754702016,-0.01818181818181818,-0.003427654947152613,0.004149374175565358,False,accuracy,wilcoxon,holm
30,hfl_no_reputation,power_of_choice,10,27.0,1.0,0.001091625618757408,0.01818181818181818,-0.0176461538347731,0.017683566975175136,False,accuracy,wilcoxon,holm
30,hfl_no_reputation,rep_cap,10,27.0,1.0,0.0021150072509374396,-0.01818181818181818,-0.0173768619300124,0.02232403435953564,False,accuracy,wilcoxon,holm
30,alzenad2017,power_of_choice,10,27.0,1.0,-0.001981915703533643,0.01818181818181818,-0.01999059204374216,0.014341539295519458,False,accuracy,wilcoxon,holm
30,power_of_choice,proposed_hfl,10,27.0,1.0,0.0006482475763143425,-0.01818181818181818,-0.016154543647686776,0.018057100632077185,False,accuracy,wilcoxon,holm
30,fedcs,hfl_static,10,27.0,1.0,0.005975219177449154,0.01818181818181818,-0.006319456702879816,0.022197346808438503,False,accuracy,wilcoxon,holm
200,hfl_no_reputation,oort,10,27.0,1.0,0.0013591723236849984,0.01818181818181818,-0.004471203312971559,0.007900934572108864,False,accuracy,wilcoxon,holm
50,hfl_no_selection,power_of_choice,10,27.0,1.0,0.0025068080699252038,0.01818181818181818,-0.01563009144610461,0.021383062211481035,False,accuracy,wilcoxon,holm
50,alzenad2017,fair_mab,10,27.0,1.0,-0.0007628973789520321,0.01818181818181818,-0.008605154087476549,0.007031274711635415,False,accuracy,wilcoxon,holm
