harness,method,scenario,seed_idx,instance_seed,optimizer_stream
tier1,pso,uniform_N250_K10,0,2906597030,"SeedSequence([9876, 1, 0, 0, 0])"
tier1,pso,uniform_N250_K10,1,1897199863,"SeedSequence([9876, 1, 0, 0, 1])"
tier1,pso,uniform_N250_K10,2,2252033902,"SeedSequence([9876, 1, 0, 0, 2])"
tier1,pso,uniform_N250_K10,3,1879402385,"SeedSequence([9876, 1, 0, 0, 3])"
tier1,pso,uniform_N250_K10,4,846342707,"SeedSequence([9876, 1, 0, 0, 4])"
tier1,pso,uniform_N250_K10,5,285823764,"SeedSequence([9876, 1, 0, 0, 5])"
tier1,pso,uniform_N250_K10,6,812504490,"SeedSequence([9876, 1, 0, 0, 6])"
tier1,pso,uniform_N250_K10,7,1849366408,"SeedSequence([9876, 1, 0, 0, 7])"
tier1,pso,uniform_N250_K10,8,3052122565,"SeedSequence([9876, 1, 0, 0, 8])"
tier1,pso,uniform_N250_K10,9,2467340011,"SeedSequence([9876, 1, 0, 0, 9])"
tier1,pso,uniform_N250_K10,10,4197919794,"SeedSequence([9876, 1, 0, 0, 10])"
tier1,pso,uniform_N250_K10,11,2834588526,"SeedSequence([9876, 1, 0, 0, 11])"
tier1,pso,uniform_N250_K10,12,2063422320,"SeedSequence([9876, 1, 0, 0, 12])"
tier1,pso,uniform_N250_K10,13,2937595121,"SeedSequence([9876, 1, 0, 0, 13])"
tier1,pso,uniform_N250_K10,14,2470441522,"SeedSequence([9876, 1, 0, 0, 14])"
tier1,pso,uniform_N250_K10,15,2753188299,"SeedSequence([9876, 1, 0, 0, 15])"
tier1,pso,uniform_N250_K10,16,2969715714,"SeedSequence([9876, 1, 0, 0, 16])"
tier1,pso,uniform_N250_K10,17,516405647,"SeedSequence([9876, 1, 0, 0, 17])"
tier1,pso,uniform_N250_K10,18,2228315801,"SeedSequence([9876, 1, 0, 0, 18])"
tier1,pso,uniform_N250_K10,19,2566146087,"SeedSequence([9876, 1, 0, 0, 19])"
tier1,ga,uniform_N250_K10,0,2906597030,"SeedSequence([9876, 1, 1, 0, 0])"
tier1,ga,uniform_N250_K10,1,1897199863,"SeedSequence([9876, 1, 1, 0, 1])"
tier1,ga,uniform_N250_K10,2,2252033902,"SeedSequence([9876, 1, 1, 0, 2])"
tier1,ga,uniform_N250_K10,3,1879402385,"SeedSequence([9876, 1, 1, 0, 3])"
tier1,ga,uniform_N250_K10,4,846342707,"SeedSequence([9876, 1, 1, 0, 4])"
tier1,ga,uniform_N250_K10,5,285823764,"SeedSequence([9876, 1, 1, 0, 5])"
tier1,ga,uniform_N250_K10,6,812504490,"SeedSequence([9876, 1, 1, 0, 6])"
tier1,ga,uniform_N250_K10,7,1849366408,"SeedSequence([9876, 1, 1, 0, 7])"
tier1,ga,uniform_N250_K10,8,3052122565,"SeedSequence([9876, 1, 1, 0, 8])"
tier1,ga,uniform_N250_K10,9,2467340011,"SeedSequence([9876, 1, 1, 0, 9])"
tier1,ga,uniform_N250_K10,10,4197919794,"SeedSequence([9876, 1, 1, 0, 10])"
tier1,ga,uniform_N250_K10,11,2834588526,"SeedSequence([9876, 1, 1, 0, 11])"
tier1,ga,uniform_N250_K10,12,2063422320,"SeedSequence([9876, 1, 1, 0, 12])"
tier1,ga,uniform_N250_K10,13,2937595121,"SeedSequence([9876, 1, 1, 0, 13])"
tier1,ga,uniform_N250_K10,14,2470441522,"SeedSequence([9876, 1, 1, 0, 14])"
tier1,ga,uniform_N250_K10,15,2753188299,"SeedSequence([9876, 1, 1, 0, 15])"
tier1,ga,uniform_N250_K10,16,2969715714,"SeedSequence([9876, 1, 1, 0, 16])"
tier1,ga,uniform_N250_K10,17,516405647,"SeedSequence([9876, 1, 1, 0, 17])"
tier1,ga,uniform_N250_K10,18,2228315801,"SeedSequence([9876, 1, 1, 0, 18])"
tier1,ga,uniform_N250_K10,19,2566146087,"SeedSequence([9876, 1, 1, 0, 19])"
tier1,centroid,uniform_N250_K10,0,2906597030,"SeedSequence([9876, 1, 2, 0, 0])"
tier1,centroid,uniform_N250_K10,1,1897199863,"SeedSequence([9876, 1, 2, 0, 1])"
tier1,centroid,uniform_N250_K10,2,2252033902,"SeedSequence([9876, 1, 2, 0, 2])"
tier1,centroid,uniform_N250_K10,3,1879402385,"SeedSequence([9876, 1, 2, 0, 3])"
tier1,centroid,uniform_N250_K10,4,846342707,"SeedSequence([9876, 1, 2, 0, 4])"
tier1,centroid,uniform_N250_K10,5,285823764,"SeedSequence([9876, 1, 2, 0, 5])"
tier1,centroid,uniform_N250_K10,6,812504490,"SeedSequence([9876, 1, 2, 0, 6])"
tier1,centroid,uniform_N250_K10,7,1849366408,"SeedSequence([9876, 1, 2, 0, 7])"
tier1,centroid,uniform_N250_K10,8,3052122565,"SeedSequence([9876, 1, 2, 0, 8])"
tier1,centroid,uniform_N250_K10,9,2467340011,"SeedSequence([9876, 1, 2, 0, 9])"
tier1,centroid,uniform_N250_K10,10,4197919794,"SeedSequence([9876, 1, 2, 0, 10])"
tier1,centroid,uniform_N250_K10,11,2834588526,"SeedSequence([9876, 1, 2, 0, 11])"
tier1,centroid,uniform_N250_K10,12,2063422320,"SeedSequence([9876, 1, 2, 0, 12])"
tier1,centroid,uniform_N250_K10,13,2937595121,"SeedSequence([9876, 1, 2, 0, 13])"
tier1,centroid,uniform_N250_K10,14,2470441522,"SeedSequence([9876, 1, 2, 0, 14])"
tier1,centroid,uniform_N250_K10,15,2753188299,"SeedSequence([9876, 1, 2, 0, 15])"
tier1,centroid,uniform_N250_K10,16,2969715714,"SeedSequence([9876, 1, 2, 0, 16])"
tier1,centroid,uniform_N250_K10,17,516405647,"SeedSequence([9876, 1, 2, 0, 17])"
tier1,centroid,uniform_N250_K10,18,2228315801,"SeedSequence([9876, 1, 2, 0, 18])"
tier1,centroid,uniform_N250_K10,19,2566146087,"SeedSequence([9876, 1, 2, 0, 19])"
tier1,static,uniform_N250_K10,0,2906597030,"SeedSequence([9876, 1, 3, 0, 0])"
tier1,static,uniform_N250_K10,1,1897199863,"SeedSequence([9876, 1, 3, 0, 1])"
tier1,static,uniform_N250_K10,2,2252033902,"SeedSequence([9876, 1, 3, 0, 2])"
tier1,static,uniform_N250_K10,3,1879402385,"SeedSequence([9876, 1, 3, 0, 3])"
tier1,static,uniform_N250_K10,4,846342707,"SeedSequence([9876, 1, 3, 0, 4])"
tier1,static,uniform_N250_K10,5,285823764,"SeedSequence([9876, 1, 3, 0, 5])"
tier1,static,uniform_N250_K10,6,812504490,"SeedSequence([9876, 1, 3, 0, 6])"
tier1,static,uniform_N250_K10,7,1849366408,"SeedSequence([9876, 1, 3, 0, 7])"
tier1,static,uniform_N250_K10,8,3052122565,"SeedSequence([9876, 1, 3, 0, 8])"
tier1,static,uniform_N250_K10,9,2467340011,"SeedSequence([9876, 1, 3, 0, 9])"
tier1,static,uniform_N250_K10,10,4197919794,"SeedSequence([9876, 1, 3, 0, 10])"
tier1,static,uniform_N250_K10,11,2834588526,"SeedSequence([9876, 1, 3, 0, 11])"
tier1,static,uniform_N250_K10,12,2063422320,"SeedSequence([9876, 1, 3, 0, 12])"
tier1,static,uniform_N250_K10,13,2937595121,"SeedSequence([9876, 1, 3, 0, 13])"
tier1,static,uniform_N250_K10,14,2470441522,"SeedSequence([9876, 1, 3, 0, 14])"
tier1,static,uniform_N250_K10,15,2753188299,"SeedSequence([9876, 1, 3, 0, 15])"
tier1,static,uniform_N250_K10,16,2969715714,"SeedSequence([9876, 1, 3, 0, 16])"
tier1,static,uniform_N250_K10,17,516405647,"SeedSequence([9876, 1, 3, 0, 17])"
tier1,static,uniform_N250_K10,18,2228315801,"SeedSequence([9876, 1, 3, 0, 18])"
tier1,static,uniform_N250_K10,19,2566146087,"SeedSequence([9876, 1, 3, 0, 19])"
tier1,random,uniform_N250_K10,0,2906597030,"SeedSequence([9876, 1, 4, 0, 0])"
tier1,random,uniform_N250_K10,1,1897199863,"SeedSequence([9876, 1, 4, 0, 1])"
tier1,random,uniform_N250_K10,2,2252033902,"SeedSequence([9876, 1, 4, 0, 2])"
tier1,random,uniform_N250_K10,3,1879402385,"SeedSequence([9876, 1, 4, 0, 3])"
tier1,random,uniform_N250_K10,4,846342707,"SeedSequence([9876, 1, 4, 0, 4])"
tier1,random,uniform_N250_K10,5,285823764,"SeedSequence([9876, 1, 4, 0, 5])"
tier1,random,uniform_N250_K10,6,812504490,"SeedSequence([9876, 1, 4, 0, 6])"
tier1,random,uniform_N250_K10,7,1849366408,"SeedSequence([9876, 1, 4, 0, 7])"
tier1,random,uniform_N250_K10,8,3052122565,"SeedSequence([9876, 1, 4, 0, 8])"
tier1,random,uniform_N250_K10,9,2467340011,"SeedSequence([9876, 1, 4, 0, 9])"
tier1,random,uniform_N250_K10,10,4197919794,"SeedSequence([9876, 1, 4, 0, 10])"
tier1,random,uniform_N250_K10,11,2834588526,"SeedSequence([9876, 1, 4, 0, 11])"
tier1,random,uniform_N250_K10,12,2063422320,"SeedSequence([9876, 1, 4, 0, 12])"
tier1,random,uniform_N250_K10,13,2937595121,"SeedSequence([9876, 1, 4, 0, 13])"
tier1,random,uniform_N250_K10,14,2470441522,"SeedSequence([9876, 1, 4, 0, 14])"
tier1,random,uniform_N250_K10,15,2753188299,"SeedSequence([9876, 1, 4, 0, 15])"
tier1,random,uniform_N250_K10,16,2969715714,"SeedSequence([9876, 1, 4, 0, 16])"
tier1,random,uniform_N250_K10,17,516405647,"SeedSequence([9876, 1, 4, 0, 17])"
tier1,random,uniform_N250_K10,18,2228315801,"SeedSequence([9876, 1, 4, 0, 18])"
tier1,random,uniform_N250_K10,19,2566146087,"SeedSequence([9876, 1, 4, 0, 19])"
tier1,mozaffari2016,uniform_N250_K10,0,2906597030,"SeedSequence([9876, 1, 5, 0, 0])"
tier1,mozaffari2016,uniform_N250_K10,1,1897199863,"SeedSequence([9876, 1, 5, 0, 1])"
tier1,mozaffari2016,uniform_N250_K10,2,2252033902,"SeedSequence([9876, 1, 5, 0, 2])"
tier1,mozaffari2016,uniform_N250_K10,3,1879402385,"SeedSequence([9876, 1, 5, 0, 3])"
tier1,mozaffari2016,uniform_N250_K10,4,846342707,"SeedSequence([9876, 1, 5, 0, 4])"
tier1,mozaffari2016,uniform_N250_K10,5,285823764,"SeedSequence([9876, 1, 5, 0, 5])"
tier1,mozaffari2016,uniform_N250_K10,6,812504490,"SeedSequence([9876, 1, 5, 0, 6])"
tier1,mozaffari2016,uniform_N250_K10,7,1849366408,"SeedSequence([9876, 1, 5, 0, 7])"
tier1,mozaffari2016,uniform_N250_K10,8,3052122565,"SeedSequence([9876, 1, 5, 0, 8])"
tier1,mozaffari2016,uniform_N250_K10,9,2467340011,"SeedSequence([9876, 1, 5, 0, 9])"
tier1,mozaffari2016,uniform_N250_K10,10,4197919794,"SeedSequence([9876, 1, 5, 0, 10])"
tier1,mozaffari2016,uniform_N250_K10,11,2834588526,"SeedSequence([9876, 1, 5, 0, 11])"
tier1,mozaffari2016,uniform_N250_K10,12,2063422320,"SeedSequence([9876, 1, 5, 0, 12])"
tier1,mozaffari2016,uniform_N250_K10,13,2937595121,"SeedSequence([9876, 1, 5, 0, 13])"
tier1,mozaffari2016,uniform_N250_K10,14,2470441522,"SeedSequence([9876, 1, 5, 0, 14])"
tier1,mozaffari2016,uniform_N250_K10,15,2753188299,"SeedSequence([9876, 1, 5, 0, 15])"
tier1,mozaffari2016,uniform_N250_K10,16,2969715714,"SeedSequence([9876, 1, 5, 0, 16])"
tier1,mozaffari2016,uniform_N250_K10,17,516405647,"SeedSequence([9876, 1, 5, 0, 17])"
tier1,mozaffari2016,uniform_N250_K10,18,2228315801,"SeedSequence([9876, 1, 5, 0, 18])"
tier1,mozaffari2016,uniform_N250_K10,19,2566146087,"SeedSequence([9876, 1, 5, 0, 19])"
tier1,alzenad2017,uniform_N250_K10,0,2906597030,"SeedSequence([9876, 1, 6, 0, 0])"
tier1,alzenad2017,uniform_N250_K10,1,1897199863,"SeedSequence([9876, 1, 6, 0, 1])"
tier1,alzenad2017,uniform_N250_K10,2,2252033902,"SeedSequence([9876, 1, 6, 0, 2])"
tier1,alzenad2017,uniform_N250_K10,3,1879402385,"SeedSequence([9876, 1, 6, 0, 3])"
tier1,alzenad2017,uniform_N250_K10,4,846342707,"SeedSequence([9876, 1, 6, 0, 4])"
tier1,alzenad2017,uniform_N250_K10,5,285823764,"SeedSequence([9876, 1, 6, 0, 5])"
tier1,alzenad2017,uniform_N250_K10,6,812504490,"SeedSequence([9876, 1, 6, 0, 6])"
tier1,alzenad2017,uniform_N250_K10,7,1849366408,"SeedSequence([9876, 1, 6, 0, 7])"
tier1,alzenad2017,uniform_N250_K10,8,3052122565,"SeedSequence([9876, 1, 6, 0, 8])"
tier1,alzenad2017,uniform_N250_K10,9,2467340011,"SeedSequence([9876, 1, 6, 0, 9])"
tier1,alzenad2017,uniform_N250_K10,10,4197919794,"SeedSequence([9876, 1, 6, 0, 10])"
tier1,alzenad2017,uniform_N250_K10,11,2834588526,"SeedSequence([9876, 1, 6, 0, 11])"
tier1,alzenad2017,uniform_N250_K10,12,2063422320,"SeedSequence([9876, 1, 6, 0, 12])"
tier1,alzenad2017,uniform_N250_K10,13,2937595121,"SeedSequence([9876, 1, 6, 0, 13])"
tier1,alzenad2017,uniform_N250_K10,14,2470441522,"SeedSequence([9876, 1, 6, 0, 14])"
tier1,alzenad2017,uniform_N250_K10,15,2753188299,"SeedSequence([9876, 1, 6, 0, 15])"
tier1,alzenad2017,uniform_N250_K10,16,2969715714,"SeedSequence([9876, 1, 6, 0, 16])"
tier1,alzenad2017,uniform_N250_K10,17,516405647,"SeedSequence([9876, 1, 6, 0, 17])"
tier1,alzenad2017,uniform_N250_K10,18,2228315801,"SeedSequence([9876, 1, 6, 0, 18])"
tier1,alzenad2017,uniform_N250_K10,19,2566146087,"SeedSequence([9876, 1, 6, 0, 19])"
tier1,pso,clustered_N250_K10,0,2637323298,"SeedSequence([9876, 1, 0, 1, 0])"
tier1,pso,clustered_N250_K10,1,1208750388,"SeedSequence([9876, 1, 0, 1, 1])"
tier1,pso,clustered_N250_K10,2,1141156122,"SeedSequence([9876, 1, 0, 1, 2])"
tier1,pso,clustered_N250_K10,3,1393887440,"SeedSequence([9876, 1, 0, 1, 3])"
tier1,pso,clustered_N250_K10,4,930859927,"SeedSequence([9876, 1, 0, 1, 4])"
tier1,pso,clustered_N250_K10,5,1952841125,"SeedSequence([9876, 1, 0, 1, 5])"
tier1,pso,clustered_N250_K10,6,1943907348,"SeedSequence([9876, 1, 0, 1, 6])"
tier1,pso,clustered_N250_K10,7,3664541198,"SeedSequence([9876, 1, 0, 1, 7])"
tier1,pso,clustered_N250_K10,8,435691733,"SeedSequence([9876, 1, 0, 1, 8])"
tier1,pso,clustered_N250_K10,9,1428192934,"SeedSequence([9876, 1, 0, 1, 9])"
tier1,pso,clustered_N250_K10,10,2024800257,"SeedSequence([9876, 1, 0, 1, 10])"
tier1,pso,clustered_N250_K10,11,3528153481,"SeedSequence([9876, 1, 0, 1, 11])"
tier1,pso,clustered_N250_K10,12,4109153156,"SeedSequence([9876, 1, 0, 1, 12])"
tier1,pso,clustered_N250_K10,13,708222467,"SeedSequence([9876, 1, 0, 1, 13])"
tier1,pso,clustered_N250_K10,14,1047598591,"SeedSequence([9876, 1, 0, 1, 14])"
tier1,pso,clustered_N250_K10,15,2943773691,"SeedSequence([9876, 1, 0, 1, 15])"
tier1,pso,clustered_N250_K10,16,17445003,"SeedSequence([9876, 1, 0, 1, 16])"
tier1,pso,clustered_N250_K10,17,3617190185,"SeedSequence([9876, 1, 0, 1, 17])"
tier1,pso,clustered_N250_K10,18,2821721054,"SeedSequence([9876, 1, 0, 1, 18])"
tier1,pso,clustered_N250_K10,19,1878758982,"SeedSequence([9876, 1, 0, 1, 19])"
tier1,ga,clustered_N250_K10,0,2637323298,"SeedSequence([9876, 1, 1, 1, 0])"
tier1,ga,clustered_N250_K10,1,1208750388,"SeedSequence([9876, 1, 1, 1, 1])"
tier1,ga,clustered_N250_K10,2,1141156122,"SeedSequence([9876, 1, 1, 1, 2])"
tier1,ga,clustered_N250_K10,3,1393887440,"SeedSequence([9876, 1, 1, 1, 3])"
tier1,ga,clustered_N250_K10,4,930859927,"SeedSequence([9876, 1, 1, 1, 4])"
tier1,ga,clustered_N250_K10,5,1952841125,"SeedSequence([9876, 1, 1, 1, 5])"
tier1,ga,clustered_N250_K10,6,1943907348,"SeedSequence([9876, 1, 1, 1, 6])"
tier1,ga,clustered_N250_K10,7,3664541198,"SeedSequence([9876, 1, 1, 1, 7])"
tier1,ga,clustered_N250_K10,8,435691733,"SeedSequence([9876, 1, 1, 1, 8])"
tier1,ga,clustered_N250_K10,9,1428192934,"SeedSequence([9876, 1, 1, 1, 9])"
tier1,ga,clustered_N250_K10,10,2024800257,"SeedSequence([9876, 1, 1, 1, 10])"
tier1,ga,clustered_N250_K10,11,3528153481,"SeedSequence([9876, 1, 1, 1, 11])"
tier1,ga,clustered_N250_K10,12,4109153156,"SeedSequence([9876, 1, 1, 1, 12])"
tier1,ga,clustered_N250_K10,13,708222467,"SeedSequence([9876, 1, 1, 1, 13])"
tier1,ga,clustered_N250_K10,14,1047598591,"SeedSequence([9876, 1, 1, 1, 14])"
tier1,ga,clustered_N250_K10,15,2943773691,"SeedSequence([9876, 1, 1, 1, 15])"
tier1,ga,clustered_N250_K10,16,17445003,"SeedSequence([9876, 1, 1, 1, 16])"
tier1,ga,clustered_N250_K10,17,3617190185,"SeedSequence([9876, 1, 1, 1, 17])"
tier1,ga,clustered_N250_K10,18,2821721054,"SeedSequence([9876, 1, 1, 1, 18])"
tier1,ga,clustered_N250_K10,19,1878758982,"SeedSequence([9876, 1, 1, 1, 19])"
tier1,centroid,clustered_N250_K10,0,2637323298,"SeedSequence([9876, 1, 2, 1, 0])"
tier1,centroid,clustered_N250_K10,1,1208750388,"SeedSequence([9876, 1, 2, 1, 1])"
tier1,centroid,clustered_N250_K10,2,1141156122,"SeedSequence([9876, 1, 2, 1, 2])"
tier1,centroid,clustered_N250_K10,3,1393887440,"SeedSequence([9876, 1, 2, 1, 3])"
tier1,centroid,clustered_N250_K10,4,930859927,"SeedSequence([9876, 1, 2, 1, 4])"
tier1,centroid,clustered_N250_K10,5,1952841125,"SeedSequence([9876, 1, 2, 1, 5])"
tier1,centroid,clustered_N250_K10,6,1943907348,"SeedSequence([9876, 1, 2, 1, 6])"
tier1,centroid,clustered_N250_K10,7,3664541198,"SeedSequence([9876, 1, 2, 1, 7])"
tier1,centroid,clustered_N250_K10,8,435691733,"SeedSequence([9876, 1, 2, 1, 8])"
tier1,centroid,clustered_N250_K10,9,1428192934,"SeedSequence([9876, 1, 2, 1, 9])"
tier1,centroid,clustered_N250_K10,10,2024800257,"SeedSequence([9876, 1, 2, 1, 10])"
tier1,centroid,clustered_N250_K10,11,3528153481,"SeedSequence([9876, 1, 2, 1, 11])"
tier1,centroid,clustered_N250_K10,12,4109153156,"SeedSequence([9876, 1, 2, 1, 12])"
tier1,centroid,clustered_N250_K10,13,708222467,"SeedSequence([9876, 1, 2, 1, 13])"
tier1,centroid,clustered_N250_K10,14,1047598591,"SeedSequence([9876, 1, 2, 1, 14])"
tier1,centroid,clustered_N250_K10,15,2943773691,"SeedSequence([9876, 1, 2, 1, 15])"
tier1,centroid,clustered_N250_K10,16,17445003,"SeedSequence([9876, 1, 2, 1, 16])"
tier1,centroid,clustered_N250_K10,17,3617190185,"SeedSequence([9876, 1, 2, 1, 17])"
tier1,centroid,clustered_N250_K10,18,2821721054,"SeedSequence([9876, 1, 2, 1, 18])"
tier1,centroid,clustered_N250_K10,19,1878758982,"SeedSequence([9876, 1, 2, 1, 19])"
tier1,static,clustered_N250_K10,0,2637323298,"SeedSequence([9876, 1, 3, 1, 0])"
tier1,static,clustered_N250_K10,1,1208750388,"SeedSequence([9876, 1, 3, 1, 1])"
tier1,static,clustered_N250_K10,2,1141156122,"SeedSequence([9876, 1, 3, 1, 2])"
tier1,static,clustered_N250_K10,3,1393887440,"SeedSequence([9876, 1, 3, 1, 3])"
tier1,static,clustered_N250_K10,4,930859927,"SeedSequence([9876, 1, 3, 1, 4])"
tier1,static,clustered_N250_K10,5,1952841125,"SeedSequence([9876, 1, 3, 1, 5])"
tier1,static,clustered_N250_K10,6,1943907348,"SeedSequence([9876, 1, 3, 1, 6])"
tier1,static,clustered_N250_K10,7,3664541198,"SeedSequence([9876, 1, 3, 1, 7])"
tier1,static,clustered_N250_K10,8,435691733,"SeedSequence([9876, 1, 3, 1, 8])"
tier1,static,clustered_N250_K10,9,1428192934,"SeedSequence([9876, 1, 3, 1, 9])"
tier1,static,clustered_N250_K10,10,2024800257,"SeedSequence([9876, 1, 3, 1, 10])"
tier1,static,clustered_N250_K10,11,3528153481,"SeedSequence([9876, 1, 3, 1, 11])"
tier1,static,clustered_N250_K10,12,4109153156,"SeedSequence([9876, 1, 3, 1, 12])"
tier1,static,clustered_N250_K10,13,708222467,"SeedSequence([9876, 1, 3, 1, 13])"
tier1,static,clustered_N250_K10,14,1047598591,"SeedSequence([9876, 1, 3, 1, 14])"
tier1,static,clustered_N250_K10,15,2943773691,"SeedSequence([9876, 1, 3, 1, 15])"
tier1,static,clustered_N250_K10,16,17445003,"SeedSequence([9876, 1, 3, 1, 16])"
tier1,static,clustered_N250_K10,17,3617190185,"SeedSequence([9876, 1, 3, 1, 17])"
tier1,static,clustered_N250_K10,18,2821721054,"SeedSequence([9876, 1, 3, 1, 18])"
tier1,static,clustered_N250_K10,19,1878758982,"SeedSequence([9876, 1, 3, 1, 19])"
tier1,random,clustered_N250_K10,0,2637323298,"SeedSequence([9876, 1, 4, 1, 0])"
tier1,random,clustered_N250_K10,1,1208750388,"SeedSequence([9876, 1, 4, 1, 1])"
tier1,random,clustered_N250_K10,2,1141156122,"SeedSequence([9876, 1, 4, 1, 2])"
tier1,random,clustered_N250_K10,3,1393887440,"SeedSequence([9876, 1, 4, 1, 3])"
tier1,random,clustered_N250_K10,4,930859927,"SeedSequence([9876, 1, 4, 1, 4])"
tier1,random,clustered_N250_K10,5,1952841125,"SeedSequence([9876, 1, 4, 1, 5])"
tier1,random,clustered_N250_K10,6,1943907348,"SeedSequence([9876, 1, 4, 1, 6])"
tier1,random,clustered_N250_K10,7,3664541198,"SeedSequence([9876, 1, 4, 1, 7])"
tier1,random,clustered_N250_K10,8,435691733,"SeedSequence([9876, 1, 4, 1, 8])"
tier1,random,clustered_N250_K10,9,1428192934,"SeedSequence([9876, 1, 4, 1, 9])"
tier1,random,clustered_N250_K10,10,2024800257,"SeedSequence([9876, 1, 4, 1, 10])"
tier1,random,clustered_N250_K10,11,3528153481,"SeedSequence([9876, 1, 4, 1, 11])"
tier1,random,clustered_N250_K10,12,4109153156,"SeedSequence([9876, 1, 4, 1, 12])"
tier1,random,clustered_N250_K10,13,708222467,"SeedSequence([9876, 1, 4, 1, 13])"
tier1,random,clustered_N250_K10,14,1047598591,"SeedSequence([9876, 1, 4, 1, 14])"
tier1,random,clustered_N250_K10,15,2943773691,"SeedSequence([9876, 1, 4, 1, 15])"
tier1,random,clustered_N250_K10,16,17445003,"SeedSequence([9876, 1, 4, 1, 16])"
tier1,random,clustered_N250_K10,17,3617190185,"SeedSequence([9876, 1, 4, 1, 17])"
tier1,random,clustered_N250_K10,18,2821721054,"SeedSequence([9876, 1, 4, 1, 18])"
tier1,random,clustered_N250_K10,19,1878758982,"SeedSequence([9876, 1, 4, 1, 19])"
tier1,mozaffari2016,clustered_N250_K10,0,2637323298,"SeedSequence([9876, 1, 5, 1, 0])"
tier1,mozaffari2016,clustered_N250_K10,1,1208750388,"SeedSequence([9876, 1, 5, 1, 1])"
tier1,mozaffari2016,clustered_N250_K10,2,1141156122,"SeedSequence([9876, 1, 5, 1, 2])"
tier1,mozaffari2016,clustered_N250_K10,3,1393887440,"SeedSequence([9876, 1, 5, 1, 3])"
tier1,mozaffari2016,clustered_N250_K10,4,930859927,"SeedSequence([9876, 1, 5, 1, 4])"
tier1,mozaffari2016,clustered_N250_K10,5,1952841125,"SeedSequence([9876, 1, 5, 1, 5])"
tier1,mozaffari2016,clustered_N250_K10,6,1943907348,"SeedSequence([9876, 1, 5, 1, 6])"
tier1,mozaffari2016,clustered_N250_K10,7,3664541198,"SeedSequence([9876, 1, 5, 1, 7])"
tier1,mozaffari2016,clustered_N250_K10,8,435691733,"SeedSequence([9876, 1, 5, 1, 8])"
tier1,mozaffari2016,clustered_N250_K10,9,1428192934,"SeedSequence([9876, 1, 5, 1, 9])"
tier1,mozaffari2016,clustered_N250_K10,10,2024800257,"SeedSequence([9876, 1, 5, 1, 10])"
tier1,mozaffari2016,clustered_N250_K10,11,3528153481,"SeedSequence([9876, 1, 5, 1, 11])"
tier1,mozaffari2016,clustered_N250_K10,12,4109153156,"SeedSequence([9876, 1, 5, 1, 12])"
tier1,mozaffari2016,clustered_N250_K10,13,708222467,"SeedSequence([9876, 1, 5, 1, 13])"
tier1,mozaffari2016,clustered_N250_K10,14,1047598591,"SeedSequence([9876, 1, 5, 1, 14])"
tier1,mozaffari2016,clustered_N250_K10,15,2943773691,"SeedSequence([9876, 1, 5, 1, 15])"
tier1,mozaffari2016,clustered_N250_K10,16,17445003,"SeedSequence([9876, 1, 5, 1, 16])"
tier1,mozaffari2016,clustered_N250_K10,17,3617190185,"SeedSequence([9876, 1, 5, 1, 17])"
tier1,mozaffari2016,clustered_N250_K10,18,2821721054,"SeedSequence([9876, 1, 5, 1, 18])"
tier1,mozaffari2016,clustered_N250_K10,19,1878758982,"SeedSequence([9876, 1, 5, 1, 19])"
tier1,alzenad2017,clustered_N250_K10,0,2637323298,"SeedSequence([9876, 1, 6, 1, 0])"
tier1,alzenad2017,clustered_N250_K10,1,1208750388,"SeedSequence([9876, 1, 6, 1, 1])"
tier1,alzenad2017,clustered_N250_K10,2,1141156122,"SeedSequence([9876, 1, 6, 1, 2])"
tier1,alzenad2017,clustered_N250_K10,3,1393887440,"SeedSequence([9876, 1, 6, 1, 3])"
tier1,alzenad2017,clustered_N250_K10,4,930859927,"SeedSequence([9876, 1, 6, 1, 4])"
tier1,alzenad2017,clustered_N250_K10,5,1952841125,"SeedSequence([9876, 1, 6, 1, 5])"
tier1,alzenad2017,clustered_N250_K10,6,1943907348,"SeedSequence([9876, 1, 6, 1, 6])"
tier1,alzenad2017,clustered_N250_K10,7,3664541198,"SeedSequence([9876, 1, 6, 1, 7])"
tier1,alzenad2017,clustered_N250_K10,8,435691733,"SeedSequence([9876, 1, 6, 1, 8])"
tier1,alzenad2017,clustered_N250_K10,9,1428192934,"SeedSequence([9876, 1, 6, 1, 9])"
tier1,alzenad2017,clustered_N250_K10,10,2024800257,"SeedSequence([9876, 1, 6, 1, 10])"
tier1,alzenad2017,clustered_N250_K10,11,3528153481,"SeedSequence([9876, 1, 6, 1, 11])"
tier1,alzenad2017,clustered_N250_K10,12,4109153156,"SeedSequence([9876, 1, 6, 1, 12])"
tier1,alzenad2017,clustered_N250_K10,13,708222467,"SeedSequence([9876, 1, 6, 1, 13])"
tier1,alzenad2017,clustered_N250_K10,14,1047598591,"SeedSequence([9876, 1, 6, 1, 14])"
tier1,alzenad2017,clustered_N250_K10,15,2943773691,"SeedSequence([9876, 1, 6, 1, 15])"
tier1,alzenad2017,clustered_N250_K10,16,17445003,"SeedSequence([9876, 1, 6, 1, 16])"
tier1,alzenad2017,clustered_N250_K10,17,3617190185,"SeedSequence([9876, 1, 6, 1, 17])"
tier1,alzenad2017,clustered_N250_K10,18,2821721054,"SeedSequence([9876, 1, 6, 1, 18])"
tier1,alzenad2017,clustered_N250_K10,19,1878758982,"SeedSequence([9876, 1, 6, 1, 19])"
tier1,pso,epicenter_biased_N250_K10,0,119619328,"SeedSequence([9876, 1, 0, 2, 0])"
tier1,pso,epicenter_biased_N250_K10,1,3186811806,"SeedSequence([9876, 1, 0, 2, 1])"
tier1,pso,epicenter_biased_N250_K10,2,2187988983,"SeedSequence([9876, 1, 0, 2, 2])"
tier1,pso,epicenter_biased_N250_K10,3,1254208131,"SeedSequence([9876, 1, 0, 2, 3])"
tier1,pso,epicenter_biased_N250_K10,4,4251248789,"SeedSequence([9876, 1, 0, 2, 4])"
tier1,pso,epicenter_biased_N250_K10,5,2269744080,"SeedSequence([9876, 1, 0, 2, 5])"
tier1,pso,epicenter_biased_N250_K10,6,504948272,"SeedSequence([9876, 1, 0, 2, 6])"
tier1,pso,epicenter_biased_N250_K10,7,2467670444,"SeedSequence([9876, 1, 0, 2, 7])"
tier1,pso,epicenter_biased_N250_K10,8,662462511,"SeedSequence([9876, 1, 0, 2, 8])"
tier1,pso,epicenter_biased_N250_K10,9,1662610699,"SeedSequence([9876, 1, 0, 2, 9])"
tier1,pso,epicenter_biased_N250_K10,10,3441849386,"SeedSequence([9876, 1, 0, 2, 10])"
tier1,pso,epicenter_biased_N250_K10,11,3135045858,"SeedSequence([9876, 1, 0, 2, 11])"
tier1,pso,epicenter_biased_N250_K10,12,1700926609,"SeedSequence([9876, 1, 0, 2, 12])"
tier1,pso,epicenter_biased_N250_K10,13,2579258977,"SeedSequence([9876, 1, 0, 2, 13])"
tier1,pso,epicenter_biased_N250_K10,14,2995817524,"SeedSequence([9876, 1, 0, 2, 14])"
tier1,pso,epicenter_biased_N250_K10,15,1625202065,"SeedSequence([9876, 1, 0, 2, 15])"
tier1,pso,epicenter_biased_N250_K10,16,3678295998,"SeedSequence([9876, 1, 0, 2, 16])"
tier1,pso,epicenter_biased_N250_K10,17,2218719421,"SeedSequence([9876, 1, 0, 2, 17])"
tier1,pso,epicenter_biased_N250_K10,18,3019455314,"SeedSequence([9876, 1, 0, 2, 18])"
tier1,pso,epicenter_biased_N250_K10,19,402258950,"SeedSequence([9876, 1, 0, 2, 19])"
tier1,ga,epicenter_biased_N250_K10,0,119619328,"SeedSequence([9876, 1, 1, 2, 0])"
tier1,ga,epicenter_biased_N250_K10,1,3186811806,"SeedSequence([9876, 1, 1, 2, 1])"
tier1,ga,epicenter_biased_N250_K10,2,2187988983,"SeedSequence([9876, 1, 1, 2, 2])"
tier1,ga,epicenter_biased_N250_K10,3,1254208131,"SeedSequence([9876, 1, 1, 2, 3])"
tier1,ga,epicenter_biased_N250_K10,4,4251248789,"SeedSequence([9876, 1, 1, 2, 4])"
tier1,ga,epicenter_biased_N250_K10,5,2269744080,"SeedSequence([9876, 1, 1, 2, 5])"
tier1,ga,epicenter_biased_N250_K10,6,504948272,"SeedSequence([9876, 1, 1, 2, 6])"
tier1,ga,epicenter_biased_N250_K10,7,2467670444,"SeedSequence([9876, 1, 1, 2, 7])"
tier1,ga,epicenter_biased_N250_K10,8,662462511,"SeedSequence([9876, 1, 1, 2, 8])"
tier1,ga,epicenter_biased_N250_K10,9,1662610699,"SeedSequence([9876, 1, 1, 2, 9])"
tier1,ga,epicenter_biased_N250_K10,10,3441849386,"SeedSequence([9876, 1, 1, 2, 10])"
tier1,ga,epicenter_biased_N250_K10,11,3135045858,"SeedSequence([9876, 1, 1, 2, 11])"
tier1,ga,epicenter_biased_N250_K10,12,1700926609,"SeedSequence([9876, 1, 1, 2, 12])"
tier1,ga,epicenter_biased_N250_K10,13,2579258977,"SeedSequence([9876, 1, 1, 2, 13])"
tier1,ga,epicenter_biased_N250_K10,14,2995817524,"SeedSequence([9876, 1, 1, 2, 14])"
tier1,ga,epicenter_biased_N250_K10,15,1625202065,"SeedSequence([9876, 1, 1, 2, 15])"
tier1,ga,epicenter_biased_N250_K10,16,3678295998,"SeedSequence([9876, 1, 1, 2, 16])"
tier1,ga,epicenter_biased_N250_K10,17,2218719421,"SeedSequence([9876, 1, 1, 2, 17])"
tier1,ga,epicenter_biased_N250_K10,18,3019455314,"SeedSequence([9876, 1, 1, 2, 18])"
tier1,ga,epicenter_biased_N250_K10,19,402258950,"SeedSequence([9876, 1, 1, 2, 19])"
tier1,centroid,epicenter_biased_N250_K10,0,119619328,"SeedSequence([9876, 1, 2, 2, 0])"
tier1,centroid,epicenter_biased_N250_K10,1,3186811806,"SeedSequence([9876, 1, 2, 2, 1])"
tier1,centroid,epicenter_biased_N250_K10,2,2187988983,"SeedSequence([9876, 1, 2, 2, 2])"
tier1,centroid,epicenter_biased_N250_K10,3,1254208131,"SeedSequence([9876, 1, 2, 2, 3])"
tier1,centroid,epicenter_biased_N250_K10,4,4251248789,"SeedSequence([9876, 1, 2, 2, 4])"
tier1,centroid,epicenter_biased_N250_K10,5,2269744080,"SeedSequence([9876, 1, 2, 2, 5])"
tier1,centroid,epicenter_biased_N250_K10,6,504948272,"SeedSequence([9876, 1, 2, 2, 6])"
tier1,centroid,epicenter_biased_N250_K10,7,2467670444,"SeedSequence([9876, 1, 2, 2, 7])"
tier1,centroid,epicenter_biased_N250_K10,8,662462511,"SeedSequence([9876, 1, 2, 2, 8])"
tier1,centroid,epicenter_biased_N250_K10,9,1662610699,"SeedSequence([9876, 1, 2, 2, 9])"
tier1,centroid,epicenter_biased_N250_K10,10,3441849386,"SeedSequence([9876, 1, 2, 2, 10])"
tier1,centroid,epicenter_biased_N250_K10,11,3135045858,"SeedSequence([9876, 1, 2, 2, 11])"
tier1,centroid,epicenter_biased_N250_K10,12,1700926609,"SeedSequence([9876, 1, 2, 2, 12])"
tier1,centroid,epicenter_biased_N250_K10,13,2579258977,"SeedSequence([9876, 1, 2, 2, 13])"
tier1,centroid,epicenter_biased_N250_K10,14,2995817524,"SeedSequence([9876, 1, 2, 2, 14])"
tier1,centroid,epicenter_biased_N250_K10,15,1625202065,"SeedSequence([9876, 1, 2, 2, 15])"
tier1,centroid,epicenter_biased_N250_K10,16,3678295998,"SeedSequence([9876, 1, 2, 2, 16])"
tier1,centroid,epicenter_biased_N250_K10,17,2218719421,"SeedSequence([9876, 1, 2, 2, 17])"
tier1,centroid,epicenter_biased_N250_K10,18,3019455314,"SeedSequence([9876, 1, 2, 2, 18])"
tier1,centroid,epicenter_biased_N250_K10,19,402258950,"SeedSequence([9876, 1, 2, 2, 19])"
tier1,static,epicenter_biased_N250_K10,0,119619328,"SeedSequence([9876, 1, 3, 2, 0])"
tier1,static,epicenter_biased_N250_K10,1,3186811806,"SeedSequence([9876, 1, 3, 2, 1])"
tier1,static,epicenter_biased_N250_K10,2,2187988983,"SeedSequence([9876, 1, 3, 2, 2])"
tier1,static,epicenter_biased_N250_K10,3,1254208131,"SeedSequence([9876, 1, 3, 2, 3])"
tier1,static,epicenter_biased_N250_K10,4,4251248789,"SeedSequence([9876, 1, 3, 2, 4])"
tier1,static,epicenter_biased_N250_K10,5,2269744080,"SeedSequence([9876, 1, 3, 2, 5])"
tier1,static,epicenter_biased_N250_K10,6,504948272,"SeedSequence([9876, 1, 3, 2, 6])"
tier1,static,epicenter_biased_N250_K10,7,2467670444,"SeedSequence([9876, 1, 3, 2, 7])"
tier1,static,epicenter_biased_N250_K10,8,662462511,"SeedSequence([9876, 1, 3, 2, 8])"
tier1,static,epicenter_biased_N250_K10,9,1662610699,"SeedSequence([9876, 1, 3, 2, 9])"
tier1,static,epicenter_biased_N250_K10,10,3441849386,"SeedSequence([9876, 1, 3, 2, 10])"
tier1,static,epicenter_biased_N250_K10,11,3135045858,"SeedSequence([9876, 1, 3, 2, 11])"
tier1,static,epicenter_biased_N250_K10,12,1700926609,"SeedSequence([9876, 1, 3, 2, 12])"
tier1,static,epicenter_biased_N250_K10,13,2579258977,"SeedSequence([9876, 1, 3, 2, 13])"
tier1,static,epicenter_biased_N250_K10,14,2995817524,"SeedSequence([9876, 1, 3, 2, 14])"
tier1,static,epicenter_biased_N250_K10,15,1625202065,"SeedSequence([9876, 1, 3, 2, 15])"
tier1,static,epicenter_biased_N250_K10,16,3678295998,"SeedSequence([9876, 1, 3, 2, 16])"
tier1,static,epicenter_biased_N250_K10,17,2218719421,"SeedSequence([9876, 1, 3, 2, 17])"
tier1,static,epicenter_biased_N250_K10,18,3019455314,"SeedSequence([9876, 1, 3, 2, 18])"
tier1,static,epicenter_biased_N250_K10,19,402258950,"SeedSequence([9876, 1, 3, 2, 19])"
tier1,random,epicenter_biased_N250_K10,0,119619328,"SeedSequence([9876, 1, 4, 2, 0])"
tier1,random,epicenter_biased_N250_K10,1,3186811806,"SeedSequence([9876, 1, 4, 2, 1])"
tier1,random,epicenter_biased_N250_K10,2,2187988983,"SeedSequence([9876, 1, 4, 2, 2])"
tier1,random,epicenter_biased_N250_K10,3,1254208131,"SeedSequence([9876, 1, 4, 2, 3])"
tier1,random,epicenter_biased_N250_K10,4,4251248789,"SeedSequence([9876, 1, 4, 2, 4])"
tier1,random,epicenter_biased_N250_K10,5,2269744080,"SeedSequence([9876, 1, 4, 2, 5])"
tier1,random,epicenter_biased_N250_K10,6,504948272,"SeedSequence([9876, 1, 4, 2, 6])"
tier1,random,epicenter_biased_N250_K10,7,2467670444,"SeedSequence([9876, 1, 4, 2, 7])"
tier1,random,epicenter_biased_N250_K10,8,662462511,"SeedSequence([9876, 1, 4, 2, 8])"
tier1,random,epicenter_biased_N250_K10,9,1662610699,"SeedSequence([9876, 1, 4, 2, 9])"
tier1,random,epicenter_biased_N250_K10,10,3441849386,"SeedSequence([9876, 1, 4, 2, 10])"
tier1,random,epicenter_biased_N250_K10,11,3135045858,"SeedSequence([9876, 1, 4, 2, 11])"
tier1,random,epicenter_biased_N250_K10,12,1700926609,"SeedSequence([9876, 1, 4, 2, 12])"
tier1,random,epicenter_biased_N250_K10,13,2579258977,"SeedSequence([9876, 1, 4, 2, 13])"
tier1,random,epicenter_biased_N250_K10,14,2995817524,"SeedSequence([9876, 1, 4, 2, 14])"
tier1,random,epicenter_biased_N250_K10,15,1625202065,"SeedSequence([9876, 1, 4, 2, 15])"
tier1,random,epicenter_biased_N250_K10,16,3678295998,"SeedSequence([9876, 1, 4, 2, 16])"
tier1,random,epicenter_biased_N250_K10,17,2218719421,"SeedSequence([9876, 1, 4, 2, 17])"
tier1,random,epicenter_biased_N250_K10,18,3019455314,"SeedSequence([9876, 1, 4, 2, 18])"
tier1,random,epicenter_biased_N250_K10,19,402258950,"SeedSequence([9876, 1, 4, 2, 19])"
tier1,mozaffari2016,epicenter_biased_N250_K10,0,119619328,"SeedSequence([9876, 1, 5, 2, 0])"
tier1,mozaffari2016,epicenter_biased_N250_K10,1,3186811806,"SeedSequence([9876, 1, 5, 2, 1])"
tier1,mozaffari2016,epicenter_biased_N250_K10,2,2187988983,"SeedSequence([9876, 1, 5, 2, 2])"
tier1,mozaffari2016,epicenter_biased_N250_K10,3,1254208131,"SeedSequence([9876, 1, 5, 2, 3])"
tier1,mozaffari2016,epicenter_biased_N250_K10,4,4251248789,"SeedSequence([9876, 1, 5, 2, 4])"
tier1,mozaffari2016,epicenter_biased_N250_K10,5,2269744080,"SeedSequence([9876, 1, 5, 2, 5])"
tier1,mozaffari2016,epicenter_biased_N250_K10,6,504948272,"SeedSequence([9876, 1, 5, 2, 6])"
tier1,mozaffari2016,epicenter_biased_N250_K10,7,2467670444,"SeedSequence([9876, 1, 5, 2, 7])"
tier1,mozaffari2016,epicenter_biased_N250_K10,8,662462511,"SeedSequence([9876, 1, 5, 2, 8])"
tier1,mozaffari2016,epicenter_biased_N250_K10,9,1662610699,"SeedSequence([9876, 1, 5, 2, 9])"
tier1,mozaffari2016,epicenter_biased_N250_K10,10,3441849386,"SeedSequence([9876, 1, 5, 2, 10])"
tier1,mozaffari2016,epicenter_biased_N250_K10,11,3135045858,"SeedSequence([9876, 1, 5, 2, 11])"
tier1,mozaffari2016,epicenter_biased_N250_K10,12,1700926609,"SeedSequence([9876, 1, 5, 2, 12])"
tier1,mozaffari2016,epicenter_biased_N250_K10,13,2579258977,"SeedSequence([9876, 1, 5, 2, 13])"
tier1,mozaffari2016,epicenter_biased_N250_K10,14,2995817524,"SeedSequence([9876, 1, 5, 2, 14])"
tier1,mozaffari2016,epicenter_biased_N250_K10,15,1625202065,"SeedSequence([9876, 1, 5, 2, 15])"
tier1,mozaffari2016,epicenter_biased_N250_K10,16,3678295998,"SeedSequence([9876, 1, 5, 2, 16])"
tier1,mozaffari2016,epicenter_biased_N250_K10,17,2218719421,"SeedSequence([9876, 1, 5, 2, 17])"
tier1,mozaffari2016,epicenter_biased_N250_K10,18,3019455314,"SeedSequence([9876, 1, 5, 2, 18])"
tier1,mozaffari2016,epicenter_biased_N250_K10,19,402258950,"SeedSequence([9876, 1, 5, 2, 19])"
tier1,alzenad2017,epicenter_biased_N250_K10,0,119619328,"SeedSequence([9876, 1, 6, 2, 0])"
tier1,alzenad2017,epicenter_biased_N250_K10,1,3186811806,"SeedSequence([9876, 1, 6, 2, 1])"
tier1,alzenad2017,epicenter_biased_N250_K10,2,2187988983,"SeedSequence([9876, 1, 6, 2, 2])"
tier1,alzenad2017,epicenter_biased_N250_K10,3,1254208131,"SeedSequence([9876, 1, 6, 2, 3])"
tier1,alzenad2017,epicenter_biased_N250_K10,4,4251248789,"SeedSequence([9876, 1, 6, 2, 4])"
tier1,alzenad2017,epicenter_biased_N250_K10,5,2269744080,"SeedSequence([9876, 1, 6, 2, 5])"
tier1,alzenad2017,epicenter_biased_N250_K10,6,504948272,"SeedSequence([9876, 1, 6, 2, 6])"
tier1,alzenad2017,epicenter_biased_N250_K10,7,2467670444,"SeedSequence([9876, 1, 6, 2, 7])"
tier1,alzenad2017,epicenter_biased_N250_K10,8,662462511,"SeedSequence([9876, 1, 6, 2, 8])"
tier1,alzenad2017,epicenter_biased_N250_K10,9,1662610699,"SeedSequence([9876, 1, 6, 2, 9])"
tier1,alzenad2017,epicenter_biased_N250_K10,10,3441849386,"SeedSequence([9876, 1, 6, 2, 10])"
tier1,alzenad2017,epicenter_biased_N250_K10,11,3135045858,"SeedSequence([9876, 1, 6, 2, 11])"
tier1,alzenad2017,epicenter_biased_N250_K10,12,1700926609,"SeedSequence([9876, 1, 6, 2, 12])"
tier1,alzenad2017,epicenter_biased_N250_K10,13,2579258977,"SeedSequence([9876, 1, 6, 2, 13])"
tier1,alzenad2017,epicenter_biased_N250_K10,14,2995817524,"SeedSequence([9876, 1, 6, 2, 14])"
tier1,alzenad2017,epicenter_biased_N250_K10,15,1625202065,"SeedSequence([9876, 1, 6, 2, 15])"
tier1,alzenad2017,epicenter_biased_N250_K10,16,3678295998,"SeedSequence([9876, 1, 6, 2, 16])"
tier1,alzenad2017,epicenter_biased_N250_K10,17,2218719421,"SeedSequence([9876, 1, 6, 2, 17])"
tier1,alzenad2017,epicenter_biased_N250_K10,18,3019455314,"SeedSequence([9876, 1, 6, 2, 18])"
tier1,alzenad2017,epicenter_biased_N250_K10,19,402258950,"SeedSequence([9876, 1, 6, 2, 19])"
